ad_text,actual_ctr
Save 50% on all sneakers today! Limited time offer.,0.017007294116353832
Discover the most reliable cloud storage for your team.,0.007414118860132509
Hurry! Only 5 seats left for our AI masterclass.,0.021211472643464367
Try our new organic coffee blend. Free shipping on first order.,0.011484950054720984
The ultimate luxury watch for collectors. Exclusive access.,0.005571649552075916
Get better sleep tonight with our weighted blankets.,0.008277984243222576
Learn Python in 30 days. Certified courses starting now!,0.018547562177458916
Trusted by millions. Secure your home with our smart locks.,0.006412067690298529
Flash Sale! Up to 70% off electronics. Ends tonight.,0.025629369268699097
Professional tax services for small businesses.,0.007884407952105568
Don't miss out! Early bird tickets for TechCon 2026.,0.015873887983762224
Experience ultimate comfort with our ergonomic chairs.,0.010061815101976403
Affordable dental care for the whole family. Book now.,0.013427680434741717
Join the revolution in sustainable fashion.,0.003992199109025983
Quick and easy healthy recipes. Download our free ebook.,0.01843199036165986
The secret to glowing skin. 100% natural ingredients.,0.00897939592682932
Premium real estate listings in your area. Contact us.,0.003145625635402266
Save money on your monthly bills. Switch to Solar today.,0.01573842095544168
Upgrade your skills with our design bootcamp.,0.013254560544475043
Final clearance! Everything must go. Buy 1 Get 1 Free.,0.02881374013363616
Save 50% on all sneakers today! Limited time offer.,0.013602531066439891
Discover the most reliable cloud storage for your team.,0.009504052413435507
Hurry! Only 5 seats left for our AI masterclass.,0.021245954996216964
Try our new organic coffee blend. Free shipping on first order.,0.013184095683666972
The ultimate luxury watch for collectors. Exclusive access.,0.004978562418160003
Get better sleep tonight with our weighted blankets.,0.008595341232337942
Learn Python in 30 days. Certified courses starting now!,0.01922717270394202
Trusted by millions. Secure your home with our smart locks.,0.007513001313249485
Flash Sale! Up to 70% off electronics. Ends tonight.,0.024502155228418147
Professional tax services for small businesses.,0.005330813046770054
Don't miss out! Early bird tickets for TechCon 2026.,0.012269135981476342
Experience ultimate comfort with our ergonomic chairs.,0.00972506392666738
Affordable dental care for the whole family. Book now.,0.011530192504075791
Join the revolution in sustainable fashion.,0.0028367084374439047
Quick and easy healthy recipes. Download our free ebook.,0.019418333855176512
The secret to glowing skin. 100% natural ingredients.,0.008899943002346358
Premium real estate listings in your area. Contact us.,0.0023913454024910973
Save money on your monthly bills. Switch to Solar today.,0.016524414023498718
Upgrade your skills with our design bootcamp.,0.012531813074598873
Final clearance! Everything must go. Buy 1 Get 1 Free.,0.028710176082279347
Save 50% on all sneakers today! Limited time offer.,0.015113113460977826
Discover the most reliable cloud storage for your team.,0.008225983199633006
Hurry! Only 5 seats left for our AI masterclass.,0.021768424716842896
Try our new organic coffee blend. Free shipping on first order.,0.011987410235312893
The ultimate luxury watch for collectors. Exclusive access.,0.0047000550857166905
Get better sleep tonight with our weighted blankets.,0.009349739235920012
Learn Python in 30 days. Certified courses starting now!,0.01996190764351789
Trusted by millions. Secure your home with our smart locks.,0.005652655614778571
Flash Sale! Up to 70% off electronics. Ends tonight.,0.02724067197712201
Professional tax services for small businesses.,0.006889725495546365
Don't miss out! Early bird tickets for TechCon 2026.,0.014058438925315471
Experience ultimate comfort with our ergonomic chairs.,0.012629193095724493
Affordable dental care for the whole family. Book now.,0.015059275625469323
Join the revolution in sustainable fashion.,0.004235864808206757
Quick and easy healthy recipes. Download our free ebook.,0.01742128768375454
The secret to glowing skin. 100% natural ingredients.,0.010960601056979881
Premium real estate listings in your area. Contact us.,0.0026366064694399744
Save money on your monthly bills. Switch to Solar today.,0.017486085586631814
Upgrade your skills with our design bootcamp.,0.011645569444780146
Final clearance! Everything must go. Buy 1 Get 1 Free.,0.02840758479999969
