ad_id,ad_text
708746,Trusted by thousands of customers worldwide. Great for interest 15.
708749,Limited time offer on our newest products! Great for interest 16.
708771,Discover the difference today. Great for interest 20.
708815,Premium quality at an affordable price. Great for interest 28.
708818,Premium quality at an affordable price. Great for interest 28.
708820,"Don't miss out, sale ends soon! Great for interest 29."
708889,Trusted by thousands of customers worldwide. Great for interest 15.
708895,Trusted by thousands of customers worldwide. Great for interest 16.
708953,The perfect gift for your loved ones. Great for interest 27.
708958,Limited time offer on our newest products! Great for interest 28.
708979,Limited time offer on our newest products! Great for interest 31.
709023,Trusted by thousands of customers worldwide. Great for interest 7.
709038,Premium quality at an affordable price. Great for interest 16.
709040,Premium quality at an affordable price. Great for interest 16.
709059,Limited time offer on our newest products! Great for interest 20.
709105,Premium quality at an affordable price. Great for interest 28.
709115,The perfect gift for your loved ones. Great for interest 30.
709124,Premium quality at an affordable price. Great for interest 31.
709179,Join our community of happy buyers. Great for interest 15.
709183,Discover the difference today. Great for interest 16.
709320,Limited time offer on our newest products! Great for interest 15.
709323,"Don't miss out, sale ends soon! Great for interest 15."
709326,The perfect gift for your loved ones. Great for interest 16.
709327,Upgrade your lifestyle now. Great for interest 16.
709328,Discover the difference today. Great for interest 16.
709455,"Don't miss out, sale ends soon! Great for interest 7."
709544,Premium quality at an affordable price. Great for interest 29.
709614,Upgrade your lifestyle now. Great for interest 16.
709756,Trusted by thousands of customers worldwide. Great for interest 16.
709761,Trusted by thousands of customers worldwide. Great for interest 16.
709899,The perfect gift for your loved ones. Great for interest 15.
709901,Trusted by thousands of customers worldwide. Great for interest 16.
710045,Upgrade your lifestyle now. Great for interest 16.
710088,Upgrade your lifestyle now. Great for interest 24.
710360,Discover the difference today. Great for interest 21.
710477,Limited time offer on our newest products! Great for interest 16.
710480,Join our community of happy buyers. Great for interest 16.
710571,Trusted by thousands of customers worldwide. Great for interest 32.
710617,The perfect gift for your loved ones. Great for interest 15.
710623,Trusted by thousands of customers worldwide. Great for interest 16.
710628,Discover the difference today. Great for interest 18.
710682,Upgrade your lifestyle now. Great for interest 27.
710763,Premium quality at an affordable price. Great for interest 15.
710836,Trusted by thousands of customers worldwide. Great for interest 29.
710867,Limited time offer on our newest products! Great for interest 63.
710880,Premium quality at an affordable price. Great for interest 65.
710961,Discover the difference today. Great for interest 25.
710968,Trusted by thousands of customers worldwide. Great for interest 27.
711217,Premium quality at an affordable price. Great for interest 20.
711623,Trusted by thousands of customers worldwide. Great for interest 15.
711764,The perfect gift for your loved ones. Great for interest 10.
711785,Discover the difference today. Great for interest 19.
711877,Join our community of happy buyers. Great for interest 63.
712052,Upgrade your lifestyle now. Great for interest 10.
734209,"Don't miss out, sale ends soon! Great for interest 10."
734210,Upgrade your lifestyle now. Great for interest 10.
734215,Upgrade your lifestyle now. Great for interest 15.
734243,Premium quality at an affordable price. Great for interest 21.
734266,Discover the difference today. Great for interest 25.
734272,Trusted by thousands of customers worldwide. Great for interest 26.
734290,"Don't miss out, sale ends soon! Great for interest 29."
734313,Premium quality at an affordable price. Great for interest 36.
734314,"Don't miss out, sale ends soon! Great for interest 36."
734352,Join our community of happy buyers. Great for interest 10.
734361,The perfect gift for your loved ones. Great for interest 16.
734381,Discover the difference today. Great for interest 20.
734399,Premium quality at an affordable price. Great for interest 23.
734418,Upgrade your lifestyle now. Great for interest 26.
734421,Limited time offer on our newest products! Great for interest 27.
734427,Premium quality at an affordable price. Great for interest 28.
734433,Limited time offer on our newest products! Great for interest 29.
734582,Upgrade your lifestyle now. Great for interest 29.
734605,The perfect gift for your loved ones. Great for interest 36.
734660,Discover the difference today. Great for interest 18.
734666,Trusted by thousands of customers worldwide. Great for interest 19.
734726,Premium quality at an affordable price. Great for interest 29.
734737,Upgrade your lifestyle now. Great for interest 31.
734785,Premium quality at an affordable price. Great for interest 10.
734794,Join our community of happy buyers. Great for interest 16.
734796,The perfect gift for your loved ones. Great for interest 16.
734800,Join our community of happy buyers. Great for interest 18.
734803,"Don't miss out, sale ends soon! Great for interest 18."
734852,Discover the difference today. Great for interest 26.
734854,"Don't miss out, sale ends soon! Great for interest 27."
734856,Premium quality at an affordable price. Great for interest 27.
734866,Discover the difference today. Great for interest 29.
734881,The perfect gift for your loved ones. Great for interest 31.
734901,The perfect gift for your loved ones. Great for interest 64.
734903,Upgrade your lifestyle now. Great for interest 64.
734925,Premium quality at an affordable price. Great for interest 10.
734939,"Don't miss out, sale ends soon! Great for interest 16."
734968,Join our community of happy buyers. Great for interest 22.
734999,Trusted by thousands of customers worldwide. Great for interest 27.
735014,Limited time offer on our newest products! Great for interest 29.
735032,Trusted by thousands of customers worldwide. Great for interest 32.
735033,"Don't miss out, sale ends soon! Great for interest 36."
735043,"Don't miss out, sale ends soon! Great for interest 63."
735048,The perfect gift for your loved ones. Great for interest 64.
735065,Trusted by thousands of customers worldwide. Great for interest 7.
735109,The perfect gift for your loved ones. Great for interest 21.
735140,The perfect gift for your loved ones. Great for interest 26.
735143,Join our community of happy buyers. Great for interest 27.
735151,Discover the difference today. Great for interest 28.
735184,Limited time offer on our newest products! Great for interest 63.
735189,Trusted by thousands of customers worldwide. Great for interest 64.
735213,Discover the difference today. Great for interest 10.
735220,Upgrade your lifestyle now. Great for interest 15.
735242,Trusted by thousands of customers worldwide. Great for interest 19.
735247,Discover the difference today. Great for interest 20.
735289,The perfect gift for your loved ones. Great for interest 27.
735290,"Don't miss out, sale ends soon! Great for interest 27."
735298,Join our community of happy buyers. Great for interest 29.
736869,Limited time offer on our newest products! Great for interest 2.
736890,Discover the difference today. Great for interest 15.
736893,"Don't miss out, sale ends soon! Great for interest 16."
736977,Trusted by thousands of customers worldwide. Great for interest 27.
736988,Discover the difference today. Great for interest 28.
736995,Premium quality at an affordable price. Great for interest 29.
736997,"Don't miss out, sale ends soon! Great for interest 29."
737097,Upgrade your lifestyle now. Great for interest 7.
737130,"Don't miss out, sale ends soon! Great for interest 16."
737320,Limited time offer on our newest products! Great for interest 63.
737375,Upgrade your lifestyle now. Great for interest 10.
737524,Join our community of happy buyers. Great for interest 30.
737644,Limited time offer on our newest products! Great for interest 16.
737657,Trusted by thousands of customers worldwide. Great for interest 18.
737658,Upgrade your lifestyle now. Great for interest 18.
737674,Discover the difference today. Great for interest 20.
737766,Premium quality at an affordable price. Great for interest 29.
737896,Limited time offer on our newest products! Great for interest 16.
737931,Premium quality at an affordable price. Great for interest 20.
737961,Trusted by thousands of customers worldwide. Great for interest 23.
737995,Trusted by thousands of customers worldwide. Great for interest 26.
738006,Join our community of happy buyers. Great for interest 27.
738067,Trusted by thousands of customers worldwide. Great for interest 32.
738098,"Don't miss out, sale ends soon! Great for interest 64."
738307,"Don't miss out, sale ends soon! Great for interest 31."
738389,Join our community of happy buyers. Great for interest 10.
738408,"Don't miss out, sale ends soon! Great for interest 16."
738413,Discover the difference today. Great for interest 16.
738423,The perfect gift for your loved ones. Great for interest 18.
738436,Premium quality at an affordable price. Great for interest 19.
738463,Premium quality at an affordable price. Great for interest 21.
738528,Discover the difference today. Great for interest 30.
738560,The perfect gift for your loved ones. Great for interest 64.
738582,Upgrade your lifestyle now. Great for interest 10.
738592,Join our community of happy buyers. Great for interest 16.
738593,Join our community of happy buyers. Great for interest 16.
738598,Trusted by thousands of customers worldwide. Great for interest 18.
738606,Premium quality at an affordable price. Great for interest 19.
738637,Premium quality at an affordable price. Great for interest 24.
738648,Trusted by thousands of customers worldwide. Great for interest 26.
747212,Upgrade your lifestyle now. Great for interest 10.
747213,Limited time offer on our newest products! Great for interest 10.
747220,Premium quality at an affordable price. Great for interest 15.
747222,Premium quality at an affordable price. Great for interest 16.
747223,Limited time offer on our newest products! Great for interest 16.
747248,Trusted by thousands of customers worldwide. Great for interest 21.
747332,Limited time offer on our newest products! Great for interest 64.
747362,Premium quality at an affordable price. Great for interest 15.
747369,Trusted by thousands of customers worldwide. Great for interest 16.
747370,Limited time offer on our newest products! Great for interest 16.
747401,Upgrade your lifestyle now. Great for interest 22.
747435,Trusted by thousands of customers worldwide. Great for interest 28.
747439,Premium quality at an affordable price. Great for interest 29.
747489,Discover the difference today. Great for interest 2.
747514,Join our community of happy buyers. Great for interest 16.
747645,Premium quality at an affordable price. Great for interest 10.
747659,"Don't miss out, sale ends soon! Great for interest 16."
747675,Join our community of happy buyers. Great for interest 20.
747678,Premium quality at an affordable price. Great for interest 21.
747712,Join our community of happy buyers. Great for interest 26.
747790,The perfect gift for your loved ones. Great for interest 10.
747791,Premium quality at an affordable price. Great for interest 10.
747795,Trusted by thousands of customers worldwide. Great for interest 15.
747798,Trusted by thousands of customers worldwide. Great for interest 16.
747824,The perfect gift for your loved ones. Great for interest 21.
747828,Upgrade your lifestyle now. Great for interest 22.
747852,The perfect gift for your loved ones. Great for interest 26.
747859,The perfect gift for your loved ones. Great for interest 27.
747863,Join our community of happy buyers. Great for interest 27.
747879,Limited time offer on our newest products! Great for interest 30.
747903,Trusted by thousands of customers worldwide. Great for interest 63.
747911,Limited time offer on our newest products! Great for interest 64.
747968,The perfect gift for your loved ones. Great for interest 21.
747991,Upgrade your lifestyle now. Great for interest 25.
748000,Trusted by thousands of customers worldwide. Great for interest 26.
748007,Premium quality at an affordable price. Great for interest 27.
748014,Premium quality at an affordable price. Great for interest 29.
748045,Premium quality at an affordable price. Great for interest 63.
748086,Join our community of happy buyers. Great for interest 16.
748087,"Don't miss out, sale ends soon! Great for interest 16."
748089,The perfect gift for your loved ones. Great for interest 16.
748091,"Don't miss out, sale ends soon! Great for interest 16."
748225,Discover the difference today. Great for interest 15.
748230,Join our community of happy buyers. Great for interest 16.
748231,Premium quality at an affordable price. Great for interest 16.
748233,Trusted by thousands of customers worldwide. Great for interest 16.
748235,Join our community of happy buyers. Great for interest 16.
748294,Trusted by thousands of customers worldwide. Great for interest 27.
748295,Limited time offer on our newest products! Great for interest 27.
748303,Limited time offer on our newest products! Great for interest 29.
748314,Trusted by thousands of customers worldwide. Great for interest 31.
748341,Premium quality at an affordable price. Great for interest 64.
776318,"Don't miss out, sale ends soon! Great for interest 15."
776322,The perfect gift for your loved ones. Great for interest 16.
776323,Join our community of happy buyers. Great for interest 16.
776325,Join our community of happy buyers. Great for interest 16.
776334,Premium quality at an affordable price. Great for interest 10.
776336,The perfect gift for your loved ones. Great for interest 10.
776338,Limited time offer on our newest products! Great for interest 10.
776353,"Don't miss out, sale ends soon! Great for interest 63."
776373,The perfect gift for your loved ones. Great for interest 25.
776383,Limited time offer on our newest products! Great for interest 23.
776405,The perfect gift for your loved ones. Great for interest 21.
776416,Discover the difference today. Great for interest 19.
776430,Join our community of happy buyers. Great for interest 10.
776464,Discover the difference today. Great for interest 29.
776469,The perfect gift for your loved ones. Great for interest 28.
776473,Join our community of happy buyers. Great for interest 16.
776475,"Don't miss out, sale ends soon! Great for interest 16."
776476,Premium quality at an affordable price. Great for interest 16.
776477,Discover the difference today. Great for interest 16.
776489,Premium quality at an affordable price. Great for interest 26.
776494,Limited time offer on our newest products! Great for interest 15.
776515,Limited time offer on our newest products! Great for interest 65.
776519,Upgrade your lifestyle now. Great for interest 65.
776533,Limited time offer on our newest products! Great for interest 63.
776534,Limited time offer on our newest products! Great for interest 63.
776538,Join our community of happy buyers. Great for interest 15.
776551,"Don't miss out, sale ends soon! Great for interest 16."
776552,Limited time offer on our newest products! Great for interest 16.
776553,Trusted by thousands of customers worldwide. Great for interest 16.
776563,"Don't miss out, sale ends soon! Great for interest 7."
776579,Trusted by thousands of customers worldwide. Great for interest 10.
776603,Trusted by thousands of customers worldwide. Great for interest 2.
776615,Premium quality at an affordable price. Great for interest 63.
776623,The perfect gift for your loved ones. Great for interest 64.
776631,Trusted by thousands of customers worldwide. Great for interest 29.
776643,Premium quality at an affordable price. Great for interest 15.
776644,Limited time offer on our newest products! Great for interest 15.
776659,Trusted by thousands of customers worldwide. Great for interest 16.
776661,The perfect gift for your loved ones. Great for interest 16.
776662,Upgrade your lifestyle now. Great for interest 16.
776663,Discover the difference today. Great for interest 16.
776668,Premium quality at an affordable price. Great for interest 19.
776685,Upgrade your lifestyle now. Great for interest 16.
776686,Premium quality at an affordable price. Great for interest 16.
776687,Discover the difference today. Great for interest 16.
776696,The perfect gift for your loved ones. Great for interest 10.
776697,"Don't miss out, sale ends soon! Great for interest 10."
776698,Discover the difference today. Great for interest 10.
776699,Join our community of happy buyers. Great for interest 10.
776722,Upgrade your lifestyle now. Great for interest 2.
776725,Trusted by thousands of customers worldwide. Great for interest 23.
776780,Limited time offer on our newest products! Great for interest 2.
776793,Join our community of happy buyers. Great for interest 21.
776799,Trusted by thousands of customers worldwide. Great for interest 20.
776817,Trusted by thousands of customers worldwide. Great for interest 10.
776825,Premium quality at an affordable price. Great for interest 18.
776829,Discover the difference today. Great for interest 16.
776831,"Don't miss out, sale ends soon! Great for interest 16."
776840,Upgrade your lifestyle now. Great for interest 36.
776861,Trusted by thousands of customers worldwide. Great for interest 7.
776892,Premium quality at an affordable price. Great for interest 63.
776928,Upgrade your lifestyle now. Great for interest 10.
776935,Discover the difference today. Great for interest 36.
777105,"Don't miss out, sale ends soon! Great for interest 63."
777130,Join our community of happy buyers. Great for interest 16.
777131,Discover the difference today. Great for interest 16.
777166,Limited time offer on our newest products! Great for interest 63.
777187,Discover the difference today. Great for interest 27.
777198,Trusted by thousands of customers worldwide. Great for interest 64.
777200,"Don't miss out, sale ends soon! Great for interest 64."
777201,Discover the difference today. Great for interest 64.
777235,Trusted by thousands of customers worldwide. Great for interest 65.
777248,Trusted by thousands of customers worldwide. Great for interest 7.
777261,"Don't miss out, sale ends soon! Great for interest 29."
777382,Discover the difference today. Great for interest 24.
777398,Discover the difference today. Great for interest 24.
777410,Premium quality at an affordable price. Great for interest 26.
777482,Upgrade your lifestyle now. Great for interest 28.
777495,Premium quality at an affordable price. Great for interest 19.
777519,Discover the difference today. Great for interest 29.
777625,Join our community of happy buyers. Great for interest 16.
777627,Discover the difference today. Great for interest 16.
777638,Limited time offer on our newest products! Great for interest 7.
777670,Trusted by thousands of customers worldwide. Great for interest 16.
777673,The perfect gift for your loved ones. Great for interest 16.
777742,Discover the difference today. Great for interest 64.
777758,Limited time offer on our newest products! Great for interest 19.
777794,Limited time offer on our newest products! Great for interest 18.
777816,Upgrade your lifestyle now. Great for interest 2.
777871,"Don't miss out, sale ends soon! Great for interest 20."
777904,Discover the difference today. Great for interest 31.
777905,"Don't miss out, sale ends soon! Great for interest 31."
778037,Join our community of happy buyers. Great for interest 27.
778048,The perfect gift for your loved ones. Great for interest 27.
778085,Limited time offer on our newest products! Great for interest 26.
778087,Trusted by thousands of customers worldwide. Great for interest 26.
778112,Trusted by thousands of customers worldwide. Great for interest 29.
778113,"Don't miss out, sale ends soon! Great for interest 29."
778124,Limited time offer on our newest products! Great for interest 29.
778148,Upgrade your lifestyle now. Great for interest 28.
778156,"Don't miss out, sale ends soon! Great for interest 28."
778161,The perfect gift for your loved ones. Great for interest 28.
778208,"Don't miss out, sale ends soon! Great for interest 29."
778264,Limited time offer on our newest products! Great for interest 27.
778266,Discover the difference today. Great for interest 27.
778421,Upgrade your lifestyle now. Great for interest 20.
778422,Limited time offer on our newest products! Great for interest 20.
778461,Upgrade your lifestyle now. Great for interest 29.
778471,Premium quality at an affordable price. Great for interest 32.
778483,Premium quality at an affordable price. Great for interest 18.
778529,Trusted by thousands of customers worldwide. Great for interest 31.
778556,Upgrade your lifestyle now. Great for interest 32.
778590,The perfect gift for your loved ones. Great for interest 30.
778600,"Don't miss out, sale ends soon! Great for interest 22."
778626,Premium quality at an affordable price. Great for interest 29.
778628,"Don't miss out, sale ends soon! Great for interest 29."
778674,"Don't miss out, sale ends soon! Great for interest 29."
778689,The perfect gift for your loved ones. Great for interest 28.
778722,Limited time offer on our newest products! Great for interest 64.
778737,"Don't miss out, sale ends soon! Great for interest 27."
778756,Upgrade your lifestyle now. Great for interest 63.
778804,The perfect gift for your loved ones. Great for interest 26.
778808,Premium quality at an affordable price. Great for interest 26.
778964,Discover the difference today. Great for interest 27.
779057,"Don't miss out, sale ends soon! Great for interest 15."
779106,Trusted by thousands of customers worldwide. Great for interest 30.
779438,The perfect gift for your loved ones. Great for interest 64.
779453,Limited time offer on our newest products! Great for interest 64.
779488,Join our community of happy buyers. Great for interest 65.
779573,Premium quality at an affordable price. Great for interest 10.
779608,Premium quality at an affordable price. Great for interest 15.
779609,Join our community of happy buyers. Great for interest 15.
779622,Upgrade your lifestyle now. Great for interest 15.
779631,Discover the difference today. Great for interest 16.
779644,Premium quality at an affordable price. Great for interest 16.
779645,Premium quality at an affordable price. Great for interest 16.
779715,Limited time offer on our newest products! Great for interest 29.
779716,Premium quality at an affordable price. Great for interest 29.
779738,The perfect gift for your loved ones. Great for interest 28.
779778,Upgrade your lifestyle now. Great for interest 31.
779789,Discover the difference today. Great for interest 10.
779824,Trusted by thousands of customers worldwide. Great for interest 7.
779871,Discover the difference today. Great for interest 32.
779918,Upgrade your lifestyle now. Great for interest 18.
779922,The perfect gift for your loved ones. Great for interest 18.
779944,Upgrade your lifestyle now. Great for interest 10.
779979,Limited time offer on our newest products! Great for interest 16.
779995,Trusted by thousands of customers worldwide. Great for interest 20.
780064,Discover the difference today. Great for interest 22.
780104,"Don't miss out, sale ends soon! Great for interest 25."
780199,Discover the difference today. Great for interest 23.
780318,Limited time offer on our newest products! Great for interest 29.
780323,Trusted by thousands of customers worldwide. Great for interest 29.
780486,The perfect gift for your loved ones. Great for interest 65.
780498,Upgrade your lifestyle now. Great for interest 64.
780511,Upgrade your lifestyle now. Great for interest 63.
780629,The perfect gift for your loved ones. Great for interest 28.
780653,Trusted by thousands of customers worldwide. Great for interest 29.
780655,The perfect gift for your loved ones. Great for interest 29.
780666,Premium quality at an affordable price. Great for interest 10.
780681,Discover the difference today. Great for interest 26.
780700,Limited time offer on our newest products! Great for interest 27.
780748,The perfect gift for your loved ones. Great for interest 24.
780759,Limited time offer on our newest products! Great for interest 18.
780760,Premium quality at an affordable price. Great for interest 18.
780797,Upgrade your lifestyle now. Great for interest 22.
780799,The perfect gift for your loved ones. Great for interest 22.
780821,Trusted by thousands of customers worldwide. Great for interest 23.
780830,Upgrade your lifestyle now. Great for interest 16.
780835,Upgrade your lifestyle now. Great for interest 16.
780867,Trusted by thousands of customers worldwide. Great for interest 21.
780974,Discover the difference today. Great for interest 32.
781066,Discover the difference today. Great for interest 22.
781114,The perfect gift for your loved ones. Great for interest 18.
781159,Upgrade your lifestyle now. Great for interest 10.
781162,The perfect gift for your loved ones. Great for interest 10.
781175,Discover the difference today. Great for interest 15.
781187,"Don't miss out, sale ends soon! Great for interest 16."
781195,Premium quality at an affordable price. Great for interest 63.
781207,The perfect gift for your loved ones. Great for interest 64.
781303,The perfect gift for your loved ones. Great for interest 27.
781305,"Don't miss out, sale ends soon! Great for interest 27."
781327,Discover the difference today. Great for interest 29.
781353,The perfect gift for your loved ones. Great for interest 10.
781354,Limited time offer on our newest products! Great for interest 10.
781438,Discover the difference today. Great for interest 63.
781470,Discover the difference today. Great for interest 16.
781499,Premium quality at an affordable price. Great for interest 15.
781508,The perfect gift for your loved ones. Great for interest 63.
781556,Upgrade your lifestyle now. Great for interest 32.
781559,Join our community of happy buyers. Great for interest 32.
781606,Join our community of happy buyers. Great for interest 20.
781690,Join our community of happy buyers. Great for interest 26.
781811,Premium quality at an affordable price. Great for interest 16.
781857,Join our community of happy buyers. Great for interest 20.
781858,"Don't miss out, sale ends soon! Great for interest 20."
781907,Trusted by thousands of customers worldwide. Great for interest 21.
781928,Discover the difference today. Great for interest 18.
781929,Upgrade your lifestyle now. Great for interest 18.
781950,Trusted by thousands of customers worldwide. Great for interest 20.
781999,Premium quality at an affordable price. Great for interest 24.
782001,Discover the difference today. Great for interest 24.
782022,Premium quality at an affordable price. Great for interest 18.
782026,Premium quality at an affordable price. Great for interest 18.
782130,"Don't miss out, sale ends soon! Great for interest 16."
782134,Limited time offer on our newest products! Great for interest 16.
782135,Limited time offer on our newest products! Great for interest 16.
782171,Premium quality at an affordable price. Great for interest 30.
782180,Join our community of happy buyers. Great for interest 29.
782219,Trusted by thousands of customers worldwide. Great for interest 26.
782228,Join our community of happy buyers. Great for interest 63.
782242,The perfect gift for your loved ones. Great for interest 28.
782275,Premium quality at an affordable price. Great for interest 29.
782337,The perfect gift for your loved ones. Great for interest 16.
782407,Join our community of happy buyers. Great for interest 10.
782443,The perfect gift for your loved ones. Great for interest 20.
782541,Premium quality at an affordable price. Great for interest 28.
782587,"Don't miss out, sale ends soon! Great for interest 10."
782647,Limited time offer on our newest products! Great for interest 27.
782658,Trusted by thousands of customers worldwide. Great for interest 15.
782694,The perfect gift for your loved ones. Great for interest 29.
782706,Premium quality at an affordable price. Great for interest 30.
782754,"Don't miss out, sale ends soon! Great for interest 26."
782815,Join our community of happy buyers. Great for interest 10.
782816,Limited time offer on our newest products! Great for interest 10.
782862,Premium quality at an affordable price. Great for interest 64.
950068,Trusted by thousands of customers worldwide. Great for interest 10.
950078,Join our community of happy buyers. Great for interest 16.
950079,"Don't miss out, sale ends soon! Great for interest 16."
950099,Join our community of happy buyers. Great for interest 18.
950109,Upgrade your lifestyle now. Great for interest 20.
950170,Join our community of happy buyers. Great for interest 15.
950179,The perfect gift for your loved ones. Great for interest 16.
950182,Join our community of happy buyers. Great for interest 16.
950183,"Don't miss out, sale ends soon! Great for interest 16."
950200,Join our community of happy buyers. Great for interest 10.
950224,Join our community of happy buyers. Great for interest 20.
950326,Discover the difference today. Great for interest 16.
950345,Premium quality at an affordable price. Great for interest 64.
950452,Discover the difference today. Great for interest 16.
950463,Join our community of happy buyers. Great for interest 15.
950495,Premium quality at an affordable price. Great for interest 21.
950521,Discover the difference today. Great for interest 21.
950531,Join our community of happy buyers. Great for interest 22.
950537,Trusted by thousands of customers worldwide. Great for interest 36.
950550,Discover the difference today. Great for interest 30.
950577,Premium quality at an affordable price. Great for interest 32.
950578,Discover the difference today. Great for interest 32.
950595,Upgrade your lifestyle now. Great for interest 26.
950609,Upgrade your lifestyle now. Great for interest 29.
950629,Trusted by thousands of customers worldwide. Great for interest 65.
950631,"Don't miss out, sale ends soon! Great for interest 65."
950649,"Don't miss out, sale ends soon! Great for interest 64."
950745,Premium quality at an affordable price. Great for interest 29.
950770,The perfect gift for your loved ones. Great for interest 28.
950772,"Don't miss out, sale ends soon! Great for interest 28."
950773,Premium quality at an affordable price. Great for interest 28.
950776,Trusted by thousands of customers worldwide. Great for interest 28.
950787,The perfect gift for your loved ones. Great for interest 27.
950808,The perfect gift for your loved ones. Great for interest 32.
950839,Upgrade your lifestyle now. Great for interest 24.
950878,Join our community of happy buyers. Great for interest 10.
950969,The perfect gift for your loved ones. Great for interest 36.
951021,Limited time offer on our newest products! Great for interest 7.
951033,Premium quality at an affordable price. Great for interest 10.
951035,The perfect gift for your loved ones. Great for interest 10.
951043,The perfect gift for your loved ones. Great for interest 16.
951045,Limited time offer on our newest products! Great for interest 16.
951046,The perfect gift for your loved ones. Great for interest 16.
951102,Join our community of happy buyers. Great for interest 16.
951105,Limited time offer on our newest products! Great for interest 16.
951133,Upgrade your lifestyle now. Great for interest 16.
951202,Discover the difference today. Great for interest 26.
951225,The perfect gift for your loved ones. Great for interest 22.
951270,The perfect gift for your loved ones. Great for interest 18.
951282,Premium quality at an affordable price. Great for interest 16.
951285,Join our community of happy buyers. Great for interest 16.
951294,Premium quality at an affordable price. Great for interest 15.
951305,Discover the difference today. Great for interest 10.
951334,The perfect gift for your loved ones. Great for interest 64.
951391,Join our community of happy buyers. Great for interest 28.
951392,Limited time offer on our newest products! Great for interest 28.
951400,The perfect gift for your loved ones. Great for interest 10.
951402,Upgrade your lifestyle now. Great for interest 29.
951413,The perfect gift for your loved ones. Great for interest 26.
951420,"Don't miss out, sale ends soon! Great for interest 27."
951444,Join our community of happy buyers. Great for interest 25.
951448,"Don't miss out, sale ends soon! Great for interest 25."
951462,Limited time offer on our newest products! Great for interest 16.
951464,The perfect gift for your loved ones. Great for interest 16.
951465,Limited time offer on our newest products! Great for interest 16.
951498,Trusted by thousands of customers worldwide. Great for interest 20.
951508,The perfect gift for your loved ones. Great for interest 18.
951542,"Don't miss out, sale ends soon! Great for interest 27."
951607,Join our community of happy buyers. Great for interest 10.
951608,"Don't miss out, sale ends soon! Great for interest 10."
951641,Limited time offer on our newest products! Great for interest 2.
951677,Discover the difference today. Great for interest 27.
951692,The perfect gift for your loved ones. Great for interest 10.
951715,Upgrade your lifestyle now. Great for interest 64.
951756,Premium quality at an affordable price. Great for interest 22.
951779,Join our community of happy buyers. Great for interest 27.
951782,Upgrade your lifestyle now. Great for interest 26.
951810,Upgrade your lifestyle now. Great for interest 16.
951812,The perfect gift for your loved ones. Great for interest 16.
951837,Discover the difference today. Great for interest 20.
951853,The perfect gift for your loved ones. Great for interest 20.
951854,Discover the difference today. Great for interest 20.
951856,Trusted by thousands of customers worldwide. Great for interest 20.
951941,Join our community of happy buyers. Great for interest 28.
952001,Limited time offer on our newest products! Great for interest 10.
952031,Limited time offer on our newest products! Great for interest 16.
952080,Upgrade your lifestyle now. Great for interest 27.
952100,Premium quality at an affordable price. Great for interest 29.
1121091,Trusted by thousands of customers worldwide. Great for interest 10.
1121092,Limited time offer on our newest products! Great for interest 10.
1121094,Limited time offer on our newest products! Great for interest 10.
1121095,Premium quality at an affordable price. Great for interest 10.
1121096,Premium quality at an affordable price. Great for interest 10.
1121097,Limited time offer on our newest products! Great for interest 15.
1121098,"Don't miss out, sale ends soon! Great for interest 15."
1121100,Premium quality at an affordable price. Great for interest 15.
1121101,"Don't miss out, sale ends soon! Great for interest 15."
1121102,Join our community of happy buyers. Great for interest 15.
1121104,Trusted by thousands of customers worldwide. Great for interest 16.
1121105,Premium quality at an affordable price. Great for interest 16.
1121107,Join our community of happy buyers. Great for interest 16.
1121108,Discover the difference today. Great for interest 16.
1121110,Upgrade your lifestyle now. Great for interest 18.
1121111,"Don't miss out, sale ends soon! Great for interest 18."
1121113,Trusted by thousands of customers worldwide. Great for interest 18.
1121114,"Don't miss out, sale ends soon! Great for interest 18."
1121115,Discover the difference today. Great for interest 19.
1121116,Trusted by thousands of customers worldwide. Great for interest 19.
1121117,Limited time offer on our newest products! Great for interest 19.
1121119,Discover the difference today. Great for interest 19.
1121121,The perfect gift for your loved ones. Great for interest 20.
1121122,The perfect gift for your loved ones. Great for interest 20.
1121123,Premium quality at an affordable price. Great for interest 20.
1121124,Trusted by thousands of customers worldwide. Great for interest 20.
1121125,Premium quality at an affordable price. Great for interest 20.
1121126,Trusted by thousands of customers worldwide. Great for interest 20.
1121127,Discover the difference today. Great for interest 21.
1121128,Trusted by thousands of customers worldwide. Great for interest 21.
1121129,Limited time offer on our newest products! Great for interest 21.
1121131,Upgrade your lifestyle now. Great for interest 21.
1121132,The perfect gift for your loved ones. Great for interest 21.
1121133,Upgrade your lifestyle now. Great for interest 22.
1121134,Trusted by thousands of customers worldwide. Great for interest 22.
1121136,Upgrade your lifestyle now. Great for interest 22.
1121138,Limited time offer on our newest products! Great for interest 22.
1121141,The perfect gift for your loved ones. Great for interest 23.
1121142,Join our community of happy buyers. Great for interest 23.
1121143,Trusted by thousands of customers worldwide. Great for interest 23.
1121152,The perfect gift for your loved ones. Great for interest 24.
1121153,Upgrade your lifestyle now. Great for interest 24.
1121164,Join our community of happy buyers. Great for interest 25.
1121167,"Don't miss out, sale ends soon! Great for interest 25."
1121168,The perfect gift for your loved ones. Great for interest 25.
1121172,"Don't miss out, sale ends soon! Great for interest 26."
1121173,Discover the difference today. Great for interest 26.
1121175,Join our community of happy buyers. Great for interest 26.
1121177,Join our community of happy buyers. Great for interest 26.
1121181,The perfect gift for your loved ones. Great for interest 27.
1121182,Discover the difference today. Great for interest 27.
1121183,Upgrade your lifestyle now. Great for interest 27.
1121184,Premium quality at an affordable price. Great for interest 27.
1121185,Trusted by thousands of customers worldwide. Great for interest 27.
1121193,Discover the difference today. Great for interest 28.
1121195,Join our community of happy buyers. Great for interest 28.
1121196,Premium quality at an affordable price. Great for interest 28.
1121197,Join our community of happy buyers. Great for interest 28.
1121202,The perfect gift for your loved ones. Great for interest 29.
1121203,Upgrade your lifestyle now. Great for interest 29.
1121205,Limited time offer on our newest products! Great for interest 29.
1121206,Join our community of happy buyers. Great for interest 29.
1121207,Upgrade your lifestyle now. Great for interest 29.
1121211,"Don't miss out, sale ends soon! Great for interest 30."
1121213,Join our community of happy buyers. Great for interest 30.
1121215,Premium quality at an affordable price. Great for interest 30.
1121216,Upgrade your lifestyle now. Great for interest 30.
1121220,Discover the difference today. Great for interest 31.
1121223,Upgrade your lifestyle now. Great for interest 31.
1121224,Discover the difference today. Great for interest 31.
1121229,Discover the difference today. Great for interest 32.
1121231,Limited time offer on our newest products! Great for interest 32.
1121233,Premium quality at an affordable price. Great for interest 32.
1121241,Trusted by thousands of customers worldwide. Great for interest 36.
1121242,Premium quality at an affordable price. Great for interest 36.
1121243,The perfect gift for your loved ones. Great for interest 36.
1121244,Join our community of happy buyers. Great for interest 36.
1121245,Premium quality at an affordable price. Great for interest 36.
1121246,Join our community of happy buyers. Great for interest 36.
1121250,Join our community of happy buyers. Great for interest 63.
1121251,Join our community of happy buyers. Great for interest 63.
1121252,Limited time offer on our newest products! Great for interest 63.
1121254,Trusted by thousands of customers worldwide. Great for interest 63.
1121255,Discover the difference today. Great for interest 63.
1121261,Premium quality at an affordable price. Great for interest 64.
1121262,The perfect gift for your loved ones. Great for interest 64.
1121263,Premium quality at an affordable price. Great for interest 64.
1121264,Discover the difference today. Great for interest 64.
1121265,Upgrade your lifestyle now. Great for interest 65.
1121269,Join our community of happy buyers. Great for interest 65.
1121273,Upgrade your lifestyle now. Great for interest 2.
1121274,The perfect gift for your loved ones. Great for interest 2.
1121275,Upgrade your lifestyle now. Great for interest 2.
1121276,Upgrade your lifestyle now. Great for interest 2.
1121277,Join our community of happy buyers. Great for interest 7.
1121278,Discover the difference today. Great for interest 7.
1121279,Discover the difference today. Great for interest 7.
1121282,Discover the difference today. Great for interest 7.
1121284,Premium quality at an affordable price. Great for interest 66.
1121285,Trusted by thousands of customers worldwide. Great for interest 66.
1121286,Premium quality at an affordable price. Great for interest 66.
1121287,Upgrade your lifestyle now. Great for interest 66.
1121289,Trusted by thousands of customers worldwide. Great for interest 10.
1121290,"Don't miss out, sale ends soon! Great for interest 10."
1121291,Premium quality at an affordable price. Great for interest 10.
1121292,Premium quality at an affordable price. Great for interest 10.
1121293,Join our community of happy buyers. Great for interest 10.
1121296,Discover the difference today. Great for interest 15.
1121297,Discover the difference today. Great for interest 15.
1121300,Trusted by thousands of customers worldwide. Great for interest 15.
1121302,Premium quality at an affordable price. Great for interest 16.
1121303,Discover the difference today. Great for interest 16.
1121304,Premium quality at an affordable price. Great for interest 16.
1121309,Upgrade your lifestyle now. Great for interest 18.
1121310,"Don't miss out, sale ends soon! Great for interest 18."
1121311,Discover the difference today. Great for interest 18.
1121312,Limited time offer on our newest products! Great for interest 18.
1121316,"Don't miss out, sale ends soon! Great for interest 19."
1121317,Discover the difference today. Great for interest 19.
1121319,Limited time offer on our newest products! Great for interest 20.
1121321,Limited time offer on our newest products! Great for interest 20.
1121322,Discover the difference today. Great for interest 20.
1121327,"Don't miss out, sale ends soon! Great for interest 21."
1121330,Join our community of happy buyers. Great for interest 21.
1121333,Trusted by thousands of customers worldwide. Great for interest 22.
1121334,Limited time offer on our newest products! Great for interest 22.
1121335,Discover the difference today. Great for interest 22.
1121336,Join our community of happy buyers. Great for interest 22.
1121337,Join our community of happy buyers. Great for interest 23.
1121338,Join our community of happy buyers. Great for interest 23.
1121340,Upgrade your lifestyle now. Great for interest 23.
1121341,"Don't miss out, sale ends soon! Great for interest 23."
1121342,Limited time offer on our newest products! Great for interest 23.
1121344,Discover the difference today. Great for interest 24.
1121345,Join our community of happy buyers. Great for interest 24.
1121347,Trusted by thousands of customers worldwide. Great for interest 24.
1121350,Trusted by thousands of customers worldwide. Great for interest 25.
1121352,The perfect gift for your loved ones. Great for interest 25.
1121353,Join our community of happy buyers. Great for interest 25.
1121355,Trusted by thousands of customers worldwide. Great for interest 26.
1121359,Limited time offer on our newest products! Great for interest 26.
1121361,"Don't miss out, sale ends soon! Great for interest 27."
1121364,"Don't miss out, sale ends soon! Great for interest 27."
1121365,Discover the difference today. Great for interest 27.
1121367,Trusted by thousands of customers worldwide. Great for interest 28.
1121368,Premium quality at an affordable price. Great for interest 28.
1121369,Trusted by thousands of customers worldwide. Great for interest 28.
1121370,The perfect gift for your loved ones. Great for interest 28.
1121372,Premium quality at an affordable price. Great for interest 28.
1121373,The perfect gift for your loved ones. Great for interest 29.
1121374,Join our community of happy buyers. Great for interest 29.
1121375,Join our community of happy buyers. Great for interest 29.
1121377,Discover the difference today. Great for interest 29.
1121378,The perfect gift for your loved ones. Great for interest 29.
1121379,Discover the difference today. Great for interest 30.
1121380,Limited time offer on our newest products! Great for interest 30.
1121381,Trusted by thousands of customers worldwide. Great for interest 30.
1121390,Premium quality at an affordable price. Great for interest 31.
1121391,Premium quality at an affordable price. Great for interest 32.
1121394,Discover the difference today. Great for interest 32.
1121395,Trusted by thousands of customers worldwide. Great for interest 32.
1121398,"Don't miss out, sale ends soon! Great for interest 36."
1121400,Premium quality at an affordable price. Great for interest 36.
1121403,"Don't miss out, sale ends soon! Great for interest 63."
1121405,Trusted by thousands of customers worldwide. Great for interest 63.
1121410,"Don't miss out, sale ends soon! Great for interest 64."
1121411,Limited time offer on our newest products! Great for interest 64.
1121412,The perfect gift for your loved ones. Great for interest 64.
1121413,Join our community of happy buyers. Great for interest 64.
1121414,Join our community of happy buyers. Great for interest 64.
1121415,Discover the difference today. Great for interest 65.
1121418,Limited time offer on our newest products! Great for interest 65.
1121421,Premium quality at an affordable price. Great for interest 2.
1121422,Discover the difference today. Great for interest 2.
1121423,Discover the difference today. Great for interest 2.
1121425,Join our community of happy buyers. Great for interest 2.
1121428,Trusted by thousands of customers worldwide. Great for interest 7.
1121429,Premium quality at an affordable price. Great for interest 7.
1121430,Discover the difference today. Great for interest 7.
1121433,Premium quality at an affordable price. Great for interest 66.
1121437,The perfect gift for your loved ones. Great for interest 66.
1121439,Trusted by thousands of customers worldwide. Great for interest 10.
1121440,Premium quality at an affordable price. Great for interest 10.
1121442,"Don't miss out, sale ends soon! Great for interest 10."
1121443,Discover the difference today. Great for interest 10.
1121444,"Don't miss out, sale ends soon! Great for interest 10."
1121446,Trusted by thousands of customers worldwide. Great for interest 15.
1121451,Limited time offer on our newest products! Great for interest 16.
1121452,"Don't miss out, sale ends soon! Great for interest 16."
1121453,Discover the difference today. Great for interest 16.
1121454,Discover the difference today. Great for interest 16.
1121455,Join our community of happy buyers. Great for interest 16.
1121456,Trusted by thousands of customers worldwide. Great for interest 16.
1121464,Join our community of happy buyers. Great for interest 19.
1121466,Discover the difference today. Great for interest 19.
1121467,The perfect gift for your loved ones. Great for interest 19.
1121469,Discover the difference today. Great for interest 20.
1121471,Join our community of happy buyers. Great for interest 20.
1121472,Join our community of happy buyers. Great for interest 20.
1121473,Trusted by thousands of customers worldwide. Great for interest 20.
1121474,Limited time offer on our newest products! Great for interest 20.
1121477,The perfect gift for your loved ones. Great for interest 21.
1121481,Upgrade your lifestyle now. Great for interest 22.
1121482,Discover the difference today. Great for interest 22.
1121483,Limited time offer on our newest products! Great for interest 22.
1121484,Trusted by thousands of customers worldwide. Great for interest 22.
1121487,Premium quality at an affordable price. Great for interest 23.
1121489,Limited time offer on our newest products! Great for interest 23.
1121493,Discover the difference today. Great for interest 24.
1121497,Limited time offer on our newest products! Great for interest 24.
1121499,"Don't miss out, sale ends soon! Great for interest 25."
1121510,Join our community of happy buyers. Great for interest 26.
1121511,Join our community of happy buyers. Great for interest 27.
1121514,Discover the difference today. Great for interest 27.
1121523,"Don't miss out, sale ends soon! Great for interest 29."
1121524,The perfect gift for your loved ones. Great for interest 29.
1121525,Join our community of happy buyers. Great for interest 29.
1121526,Trusted by thousands of customers worldwide. Great for interest 29.
1121527,Join our community of happy buyers. Great for interest 29.
1121528,Upgrade your lifestyle now. Great for interest 29.
1121530,The perfect gift for your loved ones. Great for interest 30.
1121532,Upgrade your lifestyle now. Great for interest 30.
1121535,Upgrade your lifestyle now. Great for interest 31.
1121541,Trusted by thousands of customers worldwide. Great for interest 32.
1121544,"Don't miss out, sale ends soon! Great for interest 32."
1121545,Upgrade your lifestyle now. Great for interest 32.
1121548,The perfect gift for your loved ones. Great for interest 36.
1121551,Join our community of happy buyers. Great for interest 36.
1121554,Discover the difference today. Great for interest 63.
1121557,The perfect gift for your loved ones. Great for interest 63.
1121561,Limited time offer on our newest products! Great for interest 64.
1121562,Join our community of happy buyers. Great for interest 64.
1121568,Trusted by thousands of customers worldwide. Great for interest 65.
1121571,Upgrade your lifestyle now. Great for interest 2.
1121572,Discover the difference today. Great for interest 2.
1121575,Upgrade your lifestyle now. Great for interest 2.
1121577,Trusted by thousands of customers worldwide. Great for interest 7.
1121584,The perfect gift for your loved ones. Great for interest 66.
1121585,Limited time offer on our newest products! Great for interest 66.
1121589,Join our community of happy buyers. Great for interest 10.
1121590,The perfect gift for your loved ones. Great for interest 10.
1121592,Limited time offer on our newest products! Great for interest 10.
1121593,Premium quality at an affordable price. Great for interest 10.
1121594,Upgrade your lifestyle now. Great for interest 14.
1121597,Join our community of happy buyers. Great for interest 19.
1121598,Join our community of happy buyers. Great for interest 18.
1121599,Limited time offer on our newest products! Great for interest 18.
1121601,Premium quality at an affordable price. Great for interest 18.
1121602,Discover the difference today. Great for interest 20.
1121603,"Don't miss out, sale ends soon! Great for interest 17."
1121605,Discover the difference today. Great for interest 17.
1121606,Join our community of happy buyers. Great for interest 17.
1121607,Join our community of happy buyers. Great for interest 23.
1121609,Trusted by thousands of customers worldwide. Great for interest 19.
1121612,Limited time offer on our newest products! Great for interest 22.
1121613,Premium quality at an affordable price. Great for interest 25.
1121615,"Don't miss out, sale ends soon! Great for interest 25."
1121616,Discover the difference today. Great for interest 24.
1121617,Limited time offer on our newest products! Great for interest 22.
1121619,The perfect gift for your loved ones. Great for interest 26.
1121620,Trusted by thousands of customers worldwide. Great for interest 24.
1121622,Premium quality at an affordable price. Great for interest 23.
1121623,Trusted by thousands of customers worldwide. Great for interest 22.
1121624,Join our community of happy buyers. Great for interest 25.
1121627,Trusted by thousands of customers worldwide. Great for interest 27.
1121628,"Don't miss out, sale ends soon! Great for interest 22."
1121629,Join our community of happy buyers. Great for interest 23.
1121635,Discover the difference today. Great for interest 27.
1121638,Discover the difference today. Great for interest 29.
1121641,The perfect gift for your loved ones. Great for interest 29.
1121642,Join our community of happy buyers. Great for interest 29.
1121644,Join our community of happy buyers. Great for interest 25.
1121650,Premium quality at an affordable price. Great for interest 29.
1121652,Join our community of happy buyers. Great for interest 29.
1121660,"Don't miss out, sale ends soon! Great for interest 29."
1121661,The perfect gift for your loved ones. Great for interest 30.
1121662,Premium quality at an affordable price. Great for interest 32.
1121664,"Don't miss out, sale ends soon! Great for interest 28."
1121665,Trusted by thousands of customers worldwide. Great for interest 31.
1121666,Discover the difference today. Great for interest 29.
1121667,The perfect gift for your loved ones. Great for interest 32.
1121668,Upgrade your lifestyle now. Great for interest 34.
1121669,Discover the difference today. Great for interest 33.
1121671,Limited time offer on our newest products! Great for interest 32.
1121672,Discover the difference today. Great for interest 31.
1121673,Discover the difference today. Great for interest 30.
1121674,Join our community of happy buyers. Great for interest 30.
1121675,"Don't miss out, sale ends soon! Great for interest 31."
1121676,Join our community of happy buyers. Great for interest 30.
1121677,Join our community of happy buyers. Great for interest 34.
1121678,Upgrade your lifestyle now. Great for interest 33.
1121685,Upgrade your lifestyle now. Great for interest 36.
1121687,The perfect gift for your loved ones. Great for interest 36.
1121689,Join our community of happy buyers. Great for interest 35.
1121691,Upgrade your lifestyle now. Great for interest 33.
1121692,Premium quality at an affordable price. Great for interest 37.
1121693,Premium quality at an affordable price. Great for interest 35.
1121695,The perfect gift for your loved ones. Great for interest 38.
1121701,Premium quality at an affordable price. Great for interest 38.
1121705,The perfect gift for your loved ones. Great for interest 67.
1121706,Limited time offer on our newest products! Great for interest 67.
1121708,Upgrade your lifestyle now. Great for interest 68.
1121711,Join our community of happy buyers. Great for interest 65.
1121716,The perfect gift for your loved ones. Great for interest 67.
1121723,The perfect gift for your loved ones. Great for interest 4.
1121733,"Don't miss out, sale ends soon! Great for interest 70."
1121741,Join our community of happy buyers. Great for interest 14.
1121742,Limited time offer on our newest products! Great for interest 11.
1121745,"Don't miss out, sale ends soon! Great for interest 16."
1121746,Upgrade your lifestyle now. Great for interest 18.
1121749,Trusted by thousands of customers worldwide. Great for interest 17.
1121751,Join our community of happy buyers. Great for interest 21.
1121753,Trusted by thousands of customers worldwide. Great for interest 19.
1121754,Join our community of happy buyers. Great for interest 17.
1121755,Limited time offer on our newest products! Great for interest 21.
1121756,"Don't miss out, sale ends soon! Great for interest 19."
1121758,The perfect gift for your loved ones. Great for interest 20.
1121759,"Don't miss out, sale ends soon! Great for interest 19."
1121760,Trusted by thousands of customers worldwide. Great for interest 21.
1121763,Join our community of happy buyers. Great for interest 23.
1121764,Discover the difference today. Great for interest 23.
1121765,Upgrade your lifestyle now. Great for interest 23.
1121767,The perfect gift for your loved ones. Great for interest 23.
1121768,Trusted by thousands of customers worldwide. Great for interest 25.
1121769,Upgrade your lifestyle now. Great for interest 26.
1121773,The perfect gift for your loved ones. Great for interest 21.
1121774,Upgrade your lifestyle now. Great for interest 21.
1121775,Join our community of happy buyers. Great for interest 25.
1121776,Limited time offer on our newest products! Great for interest 22.
1121779,Trusted by thousands of customers worldwide. Great for interest 23.
1121780,Premium quality at an affordable price. Great for interest 22.
1121782,Discover the difference today. Great for interest 23.
1121783,Premium quality at an affordable price. Great for interest 28.
1121791,Trusted by thousands of customers worldwide. Great for interest 24.
1121793,The perfect gift for your loved ones. Great for interest 25.
1121795,Trusted by thousands of customers worldwide. Great for interest 25.
1121796,Trusted by thousands of customers worldwide. Great for interest 27.
1121798,Join our community of happy buyers. Great for interest 26.
1121803,"Don't miss out, sale ends soon! Great for interest 28."
1121806,Discover the difference today. Great for interest 30.
1121807,Limited time offer on our newest products! Great for interest 32.
1121812,Limited time offer on our newest products! Great for interest 29.
1121814,Upgrade your lifestyle now. Great for interest 31.
1121815,Limited time offer on our newest products! Great for interest 28.
1121816,Discover the difference today. Great for interest 30.
1121817,Upgrade your lifestyle now. Great for interest 29.
1121818,Upgrade your lifestyle now. Great for interest 34.
1121819,The perfect gift for your loved ones. Great for interest 29.
1121820,"Don't miss out, sale ends soon! Great for interest 32."
1121824,Premium quality at an affordable price. Great for interest 34.
1121826,The perfect gift for your loved ones. Great for interest 30.
1121827,"Don't miss out, sale ends soon! Great for interest 30."
1121828,"Don't miss out, sale ends soon! Great for interest 33."
1121829,"Don't miss out, sale ends soon! Great for interest 35."
1121832,Trusted by thousands of customers worldwide. Great for interest 36.
1121833,The perfect gift for your loved ones. Great for interest 36.
1121835,Premium quality at an affordable price. Great for interest 36.
1121839,Join our community of happy buyers. Great for interest 34.
1121841,"Don't miss out, sale ends soon! Great for interest 34."
1121843,Premium quality at an affordable price. Great for interest 37.
1121844,Join our community of happy buyers. Great for interest 36.
1121845,Discover the difference today. Great for interest 38.
1121846,Join our community of happy buyers. Great for interest 34.
1121847,Discover the difference today. Great for interest 37.
1121854,Limited time offer on our newest products! Great for interest 64.
1121855,Join our community of happy buyers. Great for interest 65.
1121856,Discover the difference today. Great for interest 64.
1121857,"Don't miss out, sale ends soon! Great for interest 65."
1121859,Trusted by thousands of customers worldwide. Great for interest 67.
1121860,Join our community of happy buyers. Great for interest 68.
1121861,Upgrade your lifestyle now. Great for interest 69.
1121862,Discover the difference today. Great for interest 69.
1121863,The perfect gift for your loved ones. Great for interest 70.
1121867,Discover the difference today. Great for interest 71.
1121869,Join our community of happy buyers. Great for interest 68.
1121871,Discover the difference today. Great for interest 7.
1121873,Premium quality at an affordable price. Great for interest 7.
1121874,The perfect gift for your loved ones. Great for interest 4.
1121876,Join our community of happy buyers. Great for interest 8.
1121877,Trusted by thousands of customers worldwide. Great for interest 9.
1121878,Premium quality at an affordable price. Great for interest 8.
1121881,The perfect gift for your loved ones. Great for interest 13.
1121888,Upgrade your lifestyle now. Great for interest 69.
1121889,Discover the difference today. Great for interest 13.
1121890,Discover the difference today. Great for interest 15.
1121891,Limited time offer on our newest products! Great for interest 13.
1121894,The perfect gift for your loved ones. Great for interest 14.
1121895,Discover the difference today. Great for interest 21.
1121897,Limited time offer on our newest products! Great for interest 17.
1121901,Limited time offer on our newest products! Great for interest 21.
1121902,Join our community of happy buyers. Great for interest 22.
1121903,Discover the difference today. Great for interest 18.
1121904,Premium quality at an affordable price. Great for interest 18.
1121905,Upgrade your lifestyle now. Great for interest 21.
1121906,Premium quality at an affordable price. Great for interest 17.
1121907,Premium quality at an affordable price. Great for interest 19.
1121917,Discover the difference today. Great for interest 24.
1121918,"Don't miss out, sale ends soon! Great for interest 25."
1121925,Trusted by thousands of customers worldwide. Great for interest 23.
1121928,Limited time offer on our newest products! Great for interest 24.
1121931,Discover the difference today. Great for interest 23.
1121933,Join our community of happy buyers. Great for interest 26.
1121935,Limited time offer on our newest products! Great for interest 23.
1121936,Upgrade your lifestyle now. Great for interest 25.
1121944,"Don't miss out, sale ends soon! Great for interest 29."
1121948,Trusted by thousands of customers worldwide. Great for interest 28.
1121949,Discover the difference today. Great for interest 27.
1121953,Upgrade your lifestyle now. Great for interest 27.
1121954,The perfect gift for your loved ones. Great for interest 27.
1121955,"Don't miss out, sale ends soon! Great for interest 31."
1121956,Premium quality at an affordable price. Great for interest 28.
1121962,"Don't miss out, sale ends soon! Great for interest 32."
1121963,Upgrade your lifestyle now. Great for interest 28.
1121971,Discover the difference today. Great for interest 32.
1121973,"Don't miss out, sale ends soon! Great for interest 34."
1121976,Discover the difference today. Great for interest 34.
1121977,Join our community of happy buyers. Great for interest 32.
1121983,Discover the difference today. Great for interest 31.
1121994,Upgrade your lifestyle now. Great for interest 34.
1122003,Trusted by thousands of customers worldwide. Great for interest 68.
1122004,Join our community of happy buyers. Great for interest 67.
1122005,Trusted by thousands of customers worldwide. Great for interest 69.
1122006,"Don't miss out, sale ends soon! Great for interest 65."
1122007,Premium quality at an affordable price. Great for interest 64.
1122011,The perfect gift for your loved ones. Great for interest 67.
1122012,Upgrade your lifestyle now. Great for interest 69.
1122022,Trusted by thousands of customers worldwide. Great for interest 3.
1122027,The perfect gift for your loved ones. Great for interest 8.
1122039,Limited time offer on our newest products! Great for interest 15.
1122040,Discover the difference today. Great for interest 11.
1122041,Trusted by thousands of customers worldwide. Great for interest 12.
1122043,Join our community of happy buyers. Great for interest 14.
1122044,Upgrade your lifestyle now. Great for interest 14.
1122047,Discover the difference today. Great for interest 21.
1122052,The perfect gift for your loved ones. Great for interest 19.
1122054,Upgrade your lifestyle now. Great for interest 18.
1122055,Trusted by thousands of customers worldwide. Great for interest 19.
1122056,Premium quality at an affordable price. Great for interest 21.
1122058,Join our community of happy buyers. Great for interest 24.
1122075,Limited time offer on our newest products! Great for interest 23.
1122078,Upgrade your lifestyle now. Great for interest 25.
1122079,Premium quality at an affordable price. Great for interest 27.
1122085,Trusted by thousands of customers worldwide. Great for interest 25.
1122089,Join our community of happy buyers. Great for interest 29.
1122092,Discover the difference today. Great for interest 26.
1122101,The perfect gift for your loved ones. Great for interest 30.
1122102,Trusted by thousands of customers worldwide. Great for interest 29.
1122103,"Don't miss out, sale ends soon! Great for interest 30."
1122105,Limited time offer on our newest products! Great for interest 27.
1122107,Limited time offer on our newest products! Great for interest 29.
1122109,Discover the difference today. Great for interest 28.
1122112,Join our community of happy buyers. Great for interest 33.
1122113,Trusted by thousands of customers worldwide. Great for interest 28.
1122118,Trusted by thousands of customers worldwide. Great for interest 33.
1122120,Premium quality at an affordable price. Great for interest 32.
1122121,"Don't miss out, sale ends soon! Great for interest 34."
1122125,The perfect gift for your loved ones. Great for interest 32.
1122127,Join our community of happy buyers. Great for interest 31.
1122131,Upgrade your lifestyle now. Great for interest 35.
1122138,The perfect gift for your loved ones. Great for interest 37.
1122139,"Don't miss out, sale ends soon! Great for interest 32."
1122140,The perfect gift for your loved ones. Great for interest 35.
1122145,Trusted by thousands of customers worldwide. Great for interest 34.
1122146,Join our community of happy buyers. Great for interest 37.
1122149,The perfect gift for your loved ones. Great for interest 37.
1122154,Discover the difference today. Great for interest 68.
1122157,Limited time offer on our newest products! Great for interest 66.
1122160,Upgrade your lifestyle now. Great for interest 67.
1122165,Premium quality at an affordable price. Great for interest 69.
1122166,Join our community of happy buyers. Great for interest 68.
1122176,Join our community of happy buyers. Great for interest 8.
1122177,Premium quality at an affordable price. Great for interest 12.
1122182,Upgrade your lifestyle now. Great for interest 8.
1122183,Trusted by thousands of customers worldwide. Great for interest 67.
1122189,Upgrade your lifestyle now. Great for interest 14.
1122191,Upgrade your lifestyle now. Great for interest 16.
1122192,Limited time offer on our newest products! Great for interest 13.
1122193,The perfect gift for your loved ones. Great for interest 15.
1122197,Discover the difference today. Great for interest 20.
1122200,Premium quality at an affordable price. Great for interest 16.
1122201,Trusted by thousands of customers worldwide. Great for interest 21.
1122202,Join our community of happy buyers. Great for interest 19.
1122203,Trusted by thousands of customers worldwide. Great for interest 19.
1122204,Premium quality at an affordable price. Great for interest 22.
1122205,Limited time offer on our newest products! Great for interest 22.
1122209,Limited time offer on our newest products! Great for interest 20.
1122210,Upgrade your lifestyle now. Great for interest 20.
1122211,Premium quality at an affordable price. Great for interest 21.
1122212,"Don't miss out, sale ends soon! Great for interest 24."
1122213,Premium quality at an affordable price. Great for interest 23.
1122216,Trusted by thousands of customers worldwide. Great for interest 22.
1122217,Premium quality at an affordable price. Great for interest 23.
1122223,Premium quality at an affordable price. Great for interest 23.
1122224,Premium quality at an affordable price. Great for interest 25.
1122225,Upgrade your lifestyle now. Great for interest 27.
1122227,"Don't miss out, sale ends soon! Great for interest 26."
1122232,Limited time offer on our newest products! Great for interest 23.
1122233,Discover the difference today. Great for interest 24.
1122240,"Don't miss out, sale ends soon! Great for interest 26."
1122244,"Don't miss out, sale ends soon! Great for interest 26."
1122246,Discover the difference today. Great for interest 25.
1122249,"Don't miss out, sale ends soon! Great for interest 28."
1122253,Trusted by thousands of customers worldwide. Great for interest 28.
1122254,Limited time offer on our newest products! Great for interest 31.
1122257,"Don't miss out, sale ends soon! Great for interest 32."
1122258,Limited time offer on our newest products! Great for interest 30.
1122260,Upgrade your lifestyle now. Great for interest 31.
1122262,Premium quality at an affordable price. Great for interest 30.
1122265,Upgrade your lifestyle now. Great for interest 28.
1122266,Limited time offer on our newest products! Great for interest 30.
1122267,"Don't miss out, sale ends soon! Great for interest 33."
1122268,Discover the difference today. Great for interest 30.
1122270,Limited time offer on our newest products! Great for interest 32.
1122271,"Don't miss out, sale ends soon! Great for interest 34."
1122273,The perfect gift for your loved ones. Great for interest 30.
1122274,Trusted by thousands of customers worldwide. Great for interest 31.
1122276,Trusted by thousands of customers worldwide. Great for interest 34.
1122277,Join our community of happy buyers. Great for interest 30.
1122279,Join our community of happy buyers. Great for interest 36.
1122282,Upgrade your lifestyle now. Great for interest 35.
1122288,Trusted by thousands of customers worldwide. Great for interest 33.
1122290,Join our community of happy buyers. Great for interest 33.
1122303,Premium quality at an affordable price. Great for interest 66.
1122304,Limited time offer on our newest products! Great for interest 66.
1122308,Discover the difference today. Great for interest 68.
1122310,Join our community of happy buyers. Great for interest 65.
1122311,Limited time offer on our newest products! Great for interest 68.
1122312,Limited time offer on our newest products! Great for interest 66.
1122313,Join our community of happy buyers. Great for interest 69.
1122316,The perfect gift for your loved ones. Great for interest 67.
1314296,The perfect gift for your loved ones. Great for interest 105.
1314297,Trusted by thousands of customers worldwide. Great for interest 103.
1314298,Join our community of happy buyers. Great for interest 107.
1314299,Join our community of happy buyers. Great for interest 108.
1314301,Trusted by thousands of customers worldwide. Great for interest 107.
1314303,Trusted by thousands of customers worldwide. Great for interest 110.
1314306,Upgrade your lifestyle now. Great for interest 111.
1314307,"Don't miss out, sale ends soon! Great for interest 113."
1314308,Trusted by thousands of customers worldwide. Great for interest 115.
1314309,"Don't miss out, sale ends soon! Great for interest 115."
1314312,Discover the difference today. Great for interest 103.
1314313,Upgrade your lifestyle now. Great for interest 107.
1314314,The perfect gift for your loved ones. Great for interest 105.
1314316,Discover the difference today. Great for interest 107.
1314318,Join our community of happy buyers. Great for interest 109.
1314319,The perfect gift for your loved ones. Great for interest 111.
1314320,Trusted by thousands of customers worldwide. Great for interest 115.
1314321,Trusted by thousands of customers worldwide. Great for interest 111.
1314323,Premium quality at an affordable price. Great for interest 118.
1314324,The perfect gift for your loved ones. Great for interest 114.
1314325,Join our community of happy buyers. Great for interest 120.
1314326,Premium quality at an affordable price. Great for interest 104.
1314327,The perfect gift for your loved ones. Great for interest 105.
1314330,Upgrade your lifestyle now. Great for interest 108.
1314331,Join our community of happy buyers. Great for interest 108.
1314332,The perfect gift for your loved ones. Great for interest 112.
1314333,The perfect gift for your loved ones. Great for interest 108.
1314334,Trusted by thousands of customers worldwide. Great for interest 112.
1314336,Upgrade your lifestyle now. Great for interest 113.
1314337,The perfect gift for your loved ones. Great for interest 112.
1314338,Upgrade your lifestyle now. Great for interest 114.
1314339,Discover the difference today. Great for interest 116.
1314341,Upgrade your lifestyle now. Great for interest 106.
1314343,"Don't miss out, sale ends soon! Great for interest 103."
1314345,Join our community of happy buyers. Great for interest 107.
1314346,Trusted by thousands of customers worldwide. Great for interest 106.
1314348,Trusted by thousands of customers worldwide. Great for interest 111.
1314349,Trusted by thousands of customers worldwide. Great for interest 113.
1314350,Trusted by thousands of customers worldwide. Great for interest 115.
1314351,The perfect gift for your loved ones. Great for interest 111.
1314353,Trusted by thousands of customers worldwide. Great for interest 114.
1314354,Upgrade your lifestyle now. Great for interest 116.
1314355,"Don't miss out, sale ends soon! Great for interest 118."
1314357,Limited time offer on our newest products! Great for interest 102.
1314358,Upgrade your lifestyle now. Great for interest 103.
1314359,Trusted by thousands of customers worldwide. Great for interest 105.
1314360,The perfect gift for your loved ones. Great for interest 108.
1314361,Upgrade your lifestyle now. Great for interest 107.
1314362,The perfect gift for your loved ones. Great for interest 108.
1314363,Limited time offer on our newest products! Great for interest 113.
1314364,Discover the difference today. Great for interest 111.
1314365,Discover the difference today. Great for interest 112.
1314366,Upgrade your lifestyle now. Great for interest 111.
1314367,Trusted by thousands of customers worldwide. Great for interest 114.
1314368,Premium quality at an affordable price. Great for interest 113.
1314371,"Don't miss out, sale ends soon! Great for interest 102."
1314372,Join our community of happy buyers. Great for interest 104.
1314373,Premium quality at an affordable price. Great for interest 103.
1314377,Trusted by thousands of customers worldwide. Great for interest 109.
1314378,Upgrade your lifestyle now. Great for interest 112.
1314379,Upgrade your lifestyle now. Great for interest 110.
1314380,Trusted by thousands of customers worldwide. Great for interest 111.
1314381,Discover the difference today. Great for interest 111.
1314382,Premium quality at an affordable price. Great for interest 112.
1314383,The perfect gift for your loved ones. Great for interest 114.
1314384,Limited time offer on our newest products! Great for interest 114.
1314385,Discover the difference today. Great for interest 116.
1314386,Limited time offer on our newest products! Great for interest 102.
1314387,"Don't miss out, sale ends soon! Great for interest 106."
1314388,Discover the difference today. Great for interest 106.
1314389,Discover the difference today. Great for interest 105.
1314390,Upgrade your lifestyle now. Great for interest 107.
1314391,Upgrade your lifestyle now. Great for interest 106.
1314392,Limited time offer on our newest products! Great for interest 111.
1314393,"Don't miss out, sale ends soon! Great for interest 110."
1314394,"Don't miss out, sale ends soon! Great for interest 112."
1314395,The perfect gift for your loved ones. Great for interest 115.
1314396,Trusted by thousands of customers worldwide. Great for interest 116.
1314397,"Don't miss out, sale ends soon! Great for interest 115."
1314398,Limited time offer on our newest products! Great for interest 116.
1314400,Trusted by thousands of customers worldwide. Great for interest 119.
1314401,Premium quality at an affordable price. Great for interest 101.
1314402,The perfect gift for your loved ones. Great for interest 105.
1314403,The perfect gift for your loved ones. Great for interest 104.
1314404,Join our community of happy buyers. Great for interest 104.
1314405,Upgrade your lifestyle now. Great for interest 110.
1314406,"Don't miss out, sale ends soon! Great for interest 109."
1314407,Upgrade your lifestyle now. Great for interest 108.
1314408,Discover the difference today. Great for interest 112.
1314409,Upgrade your lifestyle now. Great for interest 112.
1314410,Trusted by thousands of customers worldwide. Great for interest 114.
1314411,Limited time offer on our newest products! Great for interest 116.
1314412,"Don't miss out, sale ends soon! Great for interest 117."
1314414,"Don't miss out, sale ends soon! Great for interest 117."
1314415,Limited time offer on our newest products! Great for interest 118.
