ad_text,actual_ctr,industry,modifier
Welcome! Software for you. B2B solution you can trust.,0.007029892536715087,B2B,generic
Authentic! Fashion deals. Retail service you can trust.,0.019871672139693968,Retail,trust
Guaranteed! Team now available. B2B service you can trust.,0.011088573648814666,B2B,trust
Welcome! Team for you. B2B service you can trust.,0.00793852057458093,B2B,generic
Welcome! Team now available. B2B service you can trust.,0.008098929228846698,B2B,generic
Explore! Credit for you. Finance experts you can trust.,0.004243214864131925,Finance,generic
Verified! Buy offer. Retail experts you can trust.,0.018840302185716563,Retail,trust
Verified! Invest now available. Finance experts you can trust.,0.008221409888364582,Finance,trust
Verified! Bootcamp for you. Education solution you can trust.,0.015902142397465853,Education,trust
Hurry! Shop for you. Retail solution you can trust.,0.025030255675741967,Retail,urgency
Ends tonight! Shop now available. Retail service you can trust.,0.02311505849990883,Retail,urgency
Verified! Saas offer. B2B service you can trust.,0.007212361063762592,B2B,trust
Ends tonight! Course now available. Education service you can trust.,0.016073174004468078,Education,urgency
Fast! Discount deals. Retail service you can trust.,0.018154516531563813,Retail,urgency
Ends tonight! Saas offer. B2B experts you can trust.,0.008749479447084506,B2B,urgency
Discover! Save money now available. Finance solution you can trust.,0.002386158752548158,Finance,generic
Guaranteed! Discount deals. Retail service you can trust.,0.015085830250607562,Retail,trust
Limited time! Discount offer. Retail solution you can trust.,0.024011442872417157,Retail,urgency
Clearance! Home offer. Real Estate solution you can trust.,0.013513951371747322,Real Estate,discount
Verified! Discount offer. Retail experts you can trust.,0.017114578511794147,Retail,trust
Hurry! Enterprise offer. B2B solution you can trust.,0.011403079817669762,B2B,urgency
50% off! Discount for you. Retail solution you can trust.,0.01859955561664662,Retail,discount
Check out! Shop offer. Retail solution you can trust.,0.014713757735214172,Retail,generic
Check out! Discount for you. Retail solution you can trust.,0.01627814535804145,Retail,generic
50% off! Credit for you. Finance solution you can trust.,0.009162082497910184,Finance,discount
Clearance! Luxury for you. Real Estate experts you can trust.,0.014654187378415598,Real Estate,discount
Save big! Learn now available. Education service you can trust.,0.014758328856495119,Education,discount
Hurry! Bank for you. Finance experts you can trust.,0.007013184300014588,Finance,urgency
Limited time! Bootcamp deals. Education solution you can trust.,0.015082985267489458,Education,urgency
Explore! Loan for you. Finance experts you can trust.,0.006907506646764,Finance,generic
Check out! Enterprise offer. B2B experts you can trust.,0.009062906064483098,B2B,generic
Clearance! Bank now available. Finance solution you can trust.,0.01081343361874738,Finance,discount
Cheap! Skills offer. Education service you can trust.,0.01646776061028639,Education,discount
Trusted! Bootcamp now available. Education experts you can trust.,0.01594424308599077,Education,trust
Hurry! Solutions now available. B2B solution you can trust.,0.009922435558784854,B2B,urgency
Fast! Save money offer. Finance solution you can trust.,0.007584949501576108,Finance,urgency
Limited time! Bootcamp offer. Education experts you can trust.,0.012501327016081913,Education,urgency
Guaranteed! Certified now available. Education solution you can trust.,0.013580074493741965,Education,trust
Clearance! Luxury now available. Real Estate experts you can trust.,0.01604152928625984,Real Estate,discount
Save big! Bank for you. Finance experts you can trust.,0.005911601237481254,Finance,discount
Explore! Property offer. Real Estate solution you can trust.,0.009345166601504926,Real Estate,generic
Save big! Certified for you. Education experts you can trust.,0.01464161313587287,Education,discount
Save big! Apartment for you. Real Estate solution you can trust.,0.01816225439792297,Real Estate,discount
Cheap! Insurance deals. Finance solution you can trust.,0.007807287151909922,Finance,discount
Explore! Loan offer. Finance service you can trust.,0.0078042939209718625,Finance,generic
Ends tonight! Buy offer. Retail service you can trust.,0.0187453480984161,Retail,urgency
Ends tonight! Sale for you. Retail experts you can trust.,0.01913177537597608,Retail,urgency
Clearance! House deals. Real Estate experts you can trust.,0.01721916056700329,Real Estate,discount
Explore! Course offer. Education experts you can trust.,0.010798287870683529,Education,generic
Check out! Insurance deals. Finance experts you can trust.,0.002842870121809612,Finance,generic
Clearance! Home for you. Real Estate solution you can trust.,0.013688290279776607,Real Estate,discount
Explore! Workflow for you. B2B solution you can trust.,0.006114016344350336,B2B,generic
Ends tonight! Apartment now available. Real Estate solution you can trust.,0.02144579245198671,Real Estate,urgency
Welcome! Software deals. B2B experts you can trust.,0.005956511196067265,B2B,generic
Check out! Property offer. Real Estate solution you can trust.,0.010480728284614115,Real Estate,generic
Discover! Deal deals. Retail experts you can trust.,0.015876521025933437,Retail,generic
Clearance! Apartment deals. Real Estate service you can trust.,0.01751263272559991,Real Estate,discount
Save big! Fashion now available. Retail service you can trust.,0.021086652878274062,Retail,discount
Discover! Skills for you. Education solution you can trust.,0.012848890415522991,Education,generic
Explore! Enterprise deals. B2B solution you can trust.,0.00400411069037476,B2B,generic
Authentic! Luxury offer. Real Estate solution you can trust.,0.01618223184551659,Real Estate,trust
Explore! Fashion deals. Retail service you can trust.,0.013567362507065427,Retail,generic
Discover! Learn for you. Education service you can trust.,0.011033876558421158,Education,generic
Certified! Sale for you. Retail service you can trust.,0.019906368626327733,Retail,trust
Verified! Home for you. Real Estate service you can trust.,0.013813167811088666,Real Estate,trust
Discover! Software for you. B2B service you can trust.,0.005825833503669219,B2B,generic
Verified! Certified deals. Education solution you can trust.,0.010630693714238096,Education,trust
Clearance! Team now available. B2B solution you can trust.,0.010456449347186291,B2B,discount
Limited time! Enterprise for you. B2B solution you can trust.,0.012990707058983988,B2B,urgency
Guaranteed! House for you. Real Estate solution you can trust.,0.013572095011218343,Real Estate,trust
Clearance! Discount offer. Retail experts you can trust.,0.017701885699640832,Retail,discount
Authentic! Bootcamp deals. Education solution you can trust.,0.010896579927386425,Education,trust
Verified! Deal now available. Retail service you can trust.,0.01600201763759646,Retail,trust
Certified! Sale now available. Retail experts you can trust.,0.013288042719887282,Retail,trust
Discover! Fashion deals. Retail experts you can trust.,0.01620043677919377,Retail,generic
Clearance! Bootcamp for you. Education solution you can trust.,0.014606240219857736,Education,discount
Hurry! Invest now available. Finance experts you can trust.,0.0069899829465352,Finance,urgency
Welcome! Saas deals. B2B experts you can trust.,0.008039909066164409,B2B,generic
Check out! Listings deals. Real Estate solution you can trust.,0.014283569692931628,Real Estate,generic
Now! Certified now available. Education service you can trust.,0.01547962802122943,Education,urgency
Hurry! Credit now available. Finance experts you can trust.,0.010682729329300674,Finance,urgency
Hurry! Save money now available. Finance solution you can trust.,0.007766481975386341,Finance,urgency
Welcome! Loan offer. Finance experts you can trust.,0.007312081824318726,Finance,generic
Explore! Certified now available. Education solution you can trust.,0.008960830135984412,Education,generic
Fast! Credit offer. Finance solution you can trust.,0.0039959463858352876,Finance,urgency
Trusted! Skills deals. Education experts you can trust.,0.016068812293395143,Education,trust
Guaranteed! Loan for you. Finance solution you can trust.,0.008116748696343011,Finance,trust
Trusted! House now available. Real Estate solution you can trust.,0.01546638271873367,Real Estate,trust
Certified! Certified now available. Education experts you can trust.,0.012850162276731122,Education,trust
Save big! Home offer. Real Estate experts you can trust.,0.014095917534590227,Real Estate,discount
Hurry! Bank for you. Finance service you can trust.,0.009832225075615871,Finance,urgency
Now! Skills offer. Education experts you can trust.,0.013957075905093791,Education,urgency
50% off! Discount for you. Retail service you can trust.,0.01957442465160839,Retail,discount
Discover! Software for you. B2B experts you can trust.,0.007378654507198831,B2B,generic
Trusted! Course for you. Education solution you can trust.,0.010997120446191548,Education,trust
Clearance! Saas offer. B2B service you can trust.,0.00869093776518685,B2B,discount
Verified! Apartment deals. Real Estate experts you can trust.,0.018408244821599445,Real Estate,trust
Check out! Enterprise offer. B2B service you can trust.,0.011539770022878145,B2B,generic
Cheap! Insurance for you. Finance experts you can trust.,0.009596315747165067,Finance,discount
Save big! Shop now available. Retail service you can trust.,0.021115294987798013,Retail,discount
Trusted! Shop for you. Retail service you can trust.,0.016259995315524835,Retail,trust
Fast! Course now available. Education solution you can trust.,0.011487200381471385,Education,urgency
Hurry! Fashion offer. Retail service you can trust.,0.021290344751819283,Retail,urgency
Authentic! University offer. Education solution you can trust.,0.012110196835466285,Education,trust
Welcome! Deal for you. Retail service you can trust.,0.015511827058635476,Retail,generic
Welcome! Bootcamp deals. Education service you can trust.,0.012129820777613994,Education,generic
Certified! House for you. Real Estate experts you can trust.,0.012263350248781925,Real Estate,trust
Save big! Sale for you. Retail service you can trust.,0.019231224226680055,Retail,discount
Clearance! Credit now available. Finance service you can trust.,0.009902166317976174,Finance,discount
Save big! University offer. Education service you can trust.,0.013478029086698892,Education,discount
Ends tonight! Shop offer. Retail solution you can trust.,0.021718035311469628,Retail,urgency
Check out! Learn now available. Education experts you can trust.,0.00903711415206404,Education,generic
Clearance! Listings now available. Real Estate experts you can trust.,0.015934647387506048,Real Estate,discount
Authentic! Credit for you. Finance service you can trust.,0.005823809223920718,Finance,trust
Certified! Discount deals. Retail service you can trust.,0.01808410774406553,Retail,trust
Clearance! Home for you. Real Estate service you can trust.,0.01574566507087053,Real Estate,discount
Hurry! Insurance now available. Finance experts you can trust.,0.005827817654077593,Finance,urgency
50% off! Credit offer. Finance experts you can trust.,0.007637090359140681,Finance,discount
Authentic! House deals. Real Estate experts you can trust.,0.014438728714327755,Real Estate,trust
Verified! Saas offer. B2B experts you can trust.,0.007861190035668236,B2B,trust
Hurry! Workflow now available. B2B solution you can trust.,0.00808114773351356,B2B,urgency
Discover! Credit deals. Finance service you can trust.,0.009482038915580119,Finance,generic
Save big! Solutions deals. B2B service you can trust.,0.009719985669395168,B2B,discount
Cheap! Learn deals. Education service you can trust.,0.01192563568991694,Education,discount
Explore! Home now available. Real Estate experts you can trust.,0.012448704436790322,Real Estate,generic
Now! Loan now available. Finance solution you can trust.,0.007424895207835655,Finance,urgency
Authentic! Course offer. Education solution you can trust.,0.013779551504017351,Education,trust
Clearance! Buy offer. Retail solution you can trust.,0.020103683481980824,Retail,discount
50% off! Skills deals. Education solution you can trust.,0.015657762194244956,Education,discount
Hurry! Home deals. Real Estate service you can trust.,0.014487958455134755,Real Estate,urgency
Now! Apartment deals. Real Estate experts you can trust.,0.01744202636585252,Real Estate,urgency
50% off! Workflow offer. B2B solution you can trust.,0.011144873742687673,B2B,discount
Verified! Workflow offer. B2B solution you can trust.,0.01119931222515589,B2B,trust
Trusted! Shop deals. Retail experts you can trust.,0.020035796894584755,Retail,trust
Authentic! Listings now available. Real Estate experts you can trust.,0.012829202305379761,Real Estate,trust
50% off! University deals. Education service you can trust.,0.01591026119058357,Education,discount
50% off! Software now available. B2B service you can trust.,0.009147277168560758,B2B,discount
Guaranteed! Bank now available. Finance service you can trust.,0.008437234924450318,Finance,trust
Welcome! Discount offer. Retail solution you can trust.,0.015541058516972427,Retail,generic
Save big! Solutions for you. B2B service you can trust.,0.010600820069426085,B2B,discount
Explore! Saas now available. B2B experts you can trust.,0.011092792185240804,B2B,generic
Limited time! Software now available. B2B experts you can trust.,0.009876842680594881,B2B,urgency
Verified! House now available. Real Estate service you can trust.,0.016673069680466345,Real Estate,trust
Welcome! Course now available. Education experts you can trust.,0.008902781272782247,Education,generic
Fast! Invest deals. Finance solution you can trust.,0.00756667365053916,Finance,urgency
Ends tonight! Loan deals. Finance experts you can trust.,0.009424289236620234,Finance,urgency
Now! Saas now available. B2B experts you can trust.,0.012146837941203508,B2B,urgency
Cheap! Property offer. Real Estate experts you can trust.,0.015774851136347818,Real Estate,discount
Clearance! Bootcamp for you. Education service you can trust.,0.016155420851720496,Education,discount
Fast! Certified offer. Education service you can trust.,0.01504327832291912,Education,urgency
Now! Saas for you. B2B experts you can trust.,0.01622488224039688,B2B,urgency
Verified! Invest deals. Finance experts you can trust.,0.006779002297327768,Finance,trust
Certified! Software offer. B2B experts you can trust.,0.008218058422864338,B2B,trust
50% off! Course now available. Education experts you can trust.,0.015556543549349044,Education,discount
Ends tonight! Loan now available. Finance solution you can trust.,0.005245247340389248,Finance,urgency
Save big! Home for you. Real Estate service you can trust.,0.013468407541848477,Real Estate,discount
Welcome! Sale for you. Retail solution you can trust.,0.015472114686456769,Retail,generic
Explore! Enterprise deals. B2B service you can trust.,0.006685376168613082,B2B,generic
Discover! Course deals. Education service you can trust.,0.012606592742496484,Education,generic
Check out! Home deals. Real Estate experts you can trust.,0.014567719264197782,Real Estate,generic
Clearance! Team for you. B2B solution you can trust.,0.010425110028736848,B2B,discount
Welcome! Discount offer. Retail solution you can trust.,0.014793652136526827,Retail,generic
Hurry! Enterprise now available. B2B service you can trust.,0.011914676937123536,B2B,urgency
Authentic! Certified now available. Education solution you can trust.,0.012875518632450043,Education,trust
Explore! Loan for you. Finance service you can trust.,0.006005756724961619,Finance,generic
Ends tonight! House for you. Real Estate experts you can trust.,0.014398844518081875,Real Estate,urgency
Ends tonight! Solutions deals. B2B solution you can trust.,0.011383297733812917,B2B,urgency
Discover! Deal for you. Retail solution you can trust.,0.015036975602875778,Retail,generic
Cheap! Luxury now available. Real Estate experts you can trust.,0.015965540784582934,Real Estate,discount
Explore! Saas offer. B2B experts you can trust.,0.007421360782663663,B2B,generic
Discover! House offer. Real Estate solution you can trust.,0.008837144921736297,Real Estate,generic
Authentic! Insurance offer. Finance service you can trust.,0.008679450121468629,Finance,trust
Verified! Loan offer. Finance service you can trust.,0.00770707081486219,Finance,trust
Hurry! Home for you. Real Estate service you can trust.,0.01708736188314752,Real Estate,urgency
Save big! Credit for you. Finance service you can trust.,0.006823253400118128,Finance,discount
Discover! Loan for you. Finance service you can trust.,0.006723346805266153,Finance,generic
Verified! Learn deals. Education solution you can trust.,0.017287637538760663,Education,trust
Cheap! Workflow deals. B2B solution you can trust.,0.014123649377197359,B2B,discount
Cheap! Listings offer. Real Estate experts you can trust.,0.017342660738089818,Real Estate,discount
Discover! Property for you. Real Estate solution you can trust.,0.011652174064423974,Real Estate,generic
Explore! Discount now available. Retail solution you can trust.,0.01789251021294023,Retail,generic
Limited time! Invest now available. Finance solution you can trust.,0.007029274268916108,Finance,urgency
Fast! Credit offer. Finance experts you can trust.,0.008039453938739177,Finance,urgency
Check out! Loan for you. Finance experts you can trust.,0.011244131942767799,Finance,generic
Save big! Listings offer. Real Estate service you can trust.,0.01718199968225161,Real Estate,discount
Limited time! Buy deals. Retail service you can trust.,0.020653534257311302,Retail,urgency
Discover! Enterprise now available. B2B solution you can trust.,0.010429262916545393,B2B,generic
Authentic! Property offer. Real Estate service you can trust.,0.013930712415472321,Real Estate,trust
Ends tonight! Solutions deals. B2B solution you can trust.,0.011329591472407035,B2B,urgency
Trusted! Enterprise deals. B2B solution you can trust.,0.011667370606522563,B2B,trust
Check out! Sale now available. Retail service you can trust.,0.014607451118624267,Retail,generic
Hurry! House for you. Real Estate solution you can trust.,0.019182006547054903,Real Estate,urgency
Ends tonight! Discount offer. Retail service you can trust.,0.023358164698647158,Retail,urgency
Trusted! Skills for you. Education service you can trust.,0.008749794927661973,Education,trust
Certified! University for you. Education service you can trust.,0.017376796133919042,Education,trust
Hurry! Learn for you. Education experts you can trust.,0.012345842180696814,Education,urgency
Now! Luxury now available. Real Estate experts you can trust.,0.016313746360583112,Real Estate,urgency
Cheap! Luxury now available. Real Estate service you can trust.,0.015261580300636018,Real Estate,discount
50% off! Buy for you. Retail solution you can trust.,0.02292606405678371,Retail,discount
Guaranteed! Listings deals. Real Estate solution you can trust.,0.016035144379817616,Real Estate,trust
Ends tonight! Sale for you. Retail solution you can trust.,0.021193851977794536,Retail,urgency
Welcome! Enterprise offer. B2B solution you can trust.,0.008781819424734605,B2B,generic
Clearance! Deal for you. Retail experts you can trust.,0.020285600318281517,Retail,discount
50% off! Solutions deals. B2B service you can trust.,0.012004726022179335,B2B,discount
Fast! Team offer. B2B experts you can trust.,0.014567564766241856,B2B,urgency
Hurry! Loan now available. Finance experts you can trust.,0.008882392727670883,Finance,urgency
50% off! Apartment for you. Real Estate solution you can trust.,0.015029564822282116,Real Estate,discount
Limited time! Discount deals. Retail service you can trust.,0.022917048242960703,Retail,urgency
Welcome! Fashion for you. Retail service you can trust.,0.01723828611714458,Retail,generic
Guaranteed! University now available. Education solution you can trust.,0.0126960719490477,Education,trust
Trusted! Shop deals. Retail service you can trust.,0.020292460025732185,Retail,trust
Ends tonight! Course now available. Education solution you can trust.,0.01445461873795601,Education,urgency
Hurry! Listings for you. Real Estate experts you can trust.,0.017216689569671526,Real Estate,urgency
Trusted! Solutions deals. B2B service you can trust.,0.006744077639163891,B2B,trust
Welcome! Save money for you. Finance experts you can trust.,0.010789247546751571,Finance,generic
Hurry! Property now available. Real Estate experts you can trust.,0.012509118315834001,Real Estate,urgency
Fast! Discount deals. Retail experts you can trust.,0.021622384344611736,Retail,urgency
50% off! Shop deals. Retail experts you can trust.,0.015763191793886182,Retail,discount
Clearance! Bank for you. Finance solution you can trust.,0.008134415078121633,Finance,discount
Authentic! Fashion offer. Retail solution you can trust.,0.016501230343149303,Retail,trust
Welcome! Learn now available. Education service you can trust.,0.010078214023230022,Education,generic
Discover! Luxury deals. Real Estate service you can trust.,0.013138219858846481,Real Estate,generic
Verified! Workflow for you. B2B service you can trust.,0.013570836966228031,B2B,trust
Explore! Credit deals. Finance solution you can trust.,0.008662691739246275,Finance,generic
Authentic! Credit offer. Finance solution you can trust.,0.005017662131572932,Finance,trust
Hurry! Apartment now available. Real Estate experts you can trust.,0.021019273118599805,Real Estate,urgency
Cheap! Discount now available. Retail solution you can trust.,0.014741892982885635,Retail,discount
Check out! Loan deals. Finance experts you can trust.,0.00671428714200369,Finance,generic
Save big! Credit for you. Finance experts you can trust.,0.007906692701879232,Finance,discount
Hurry! University deals. Education solution you can trust.,0.013061855112299155,Education,urgency
Hurry! Software offer. B2B experts you can trust.,0.00988265763804568,B2B,urgency
Cheap! Loan for you. Finance experts you can trust.,0.0030254864812591376,Finance,discount
Guaranteed! Insurance offer. Finance solution you can trust.,0.00803548760196355,Finance,trust
Hurry! Credit now available. Finance solution you can trust.,0.006165302609973302,Finance,urgency
Check out! Insurance offer. Finance experts you can trust.,0.006241712370496597,Finance,generic
Authentic! Software for you. B2B service you can trust.,0.00919564632711657,B2B,trust
Trusted! Course offer. Education solution you can trust.,0.010251670777656496,Education,trust
Guaranteed! Save money offer. Finance experts you can trust.,0.007272131675377516,Finance,trust
Discover! Credit now available. Finance solution you can trust.,0.005168241080557376,Finance,generic
Check out! Save money now available. Finance solution you can trust.,0.004752383801630026,Finance,generic
Clearance! Skills deals. Education service you can trust.,0.013673032667000299,Education,discount
Authentic! House deals. Real Estate solution you can trust.,0.014377351982882926,Real Estate,trust
Discover! Save money now available. Finance solution you can trust.,0.005404378094475164,Finance,generic
50% off! Workflow offer. B2B service you can trust.,0.011072906859509233,B2B,discount
Verified! University deals. Education service you can trust.,0.011712439654234911,Education,trust
Certified! Enterprise now available. B2B service you can trust.,0.010230244187320168,B2B,trust
Hurry! Home offer. Real Estate service you can trust.,0.018722132101173496,Real Estate,urgency
Welcome! Insurance deals. Finance service you can trust.,0.0044980948600111415,Finance,generic
Welcome! Apartment for you. Real Estate service you can trust.,0.015478073793407477,Real Estate,generic
Certified! Property now available. Real Estate solution you can trust.,0.015979884184794277,Real Estate,trust
Ends tonight! Home now available. Real Estate solution you can trust.,0.018709853946987088,Real Estate,urgency
Cheap! Insurance offer. Finance experts you can trust.,0.007977548896012591,Finance,discount
Certified! Bank deals. Finance solution you can trust.,0.0053747660707912275,Finance,trust
Save big! Shop for you. Retail service you can trust.,0.01960453441069572,Retail,discount
Clearance! Property offer. Real Estate experts you can trust.,0.013946855575618942,Real Estate,discount
Guaranteed! House offer. Real Estate solution you can trust.,0.015481351930510484,Real Estate,trust
Fast! Shop now available. Retail service you can trust.,0.021557497397595802,Retail,urgency
Hurry! Discount now available. Retail solution you can trust.,0.019446913055414013,Retail,urgency
Welcome! Saas offer. B2B service you can trust.,0.011445395293494748,B2B,generic
Now! Solutions deals. B2B experts you can trust.,0.013922633815400856,B2B,urgency
Verified! Luxury offer. Real Estate experts you can trust.,0.014328723457153573,Real Estate,trust
Verified! Buy for you. Retail solution you can trust.,0.020537788439851105,Retail,trust
Trusted! Invest offer. Finance experts you can trust.,0.007147555247761999,Finance,trust
Fast! Team for you. B2B solution you can trust.,0.01419595159721078,B2B,urgency
Check out! Property deals. Real Estate experts you can trust.,0.008587830349789879,Real Estate,generic
Explore! Fashion deals. Retail solution you can trust.,0.016031498870177078,Retail,generic
Ends tonight! Home offer. Real Estate experts you can trust.,0.017893175421467667,Real Estate,urgency
Cheap! Deal now available. Retail solution you can trust.,0.019738108622352906,Retail,discount
Ends tonight! House for you. Real Estate solution you can trust.,0.0159376588113511,Real Estate,urgency
Trusted! Invest offer. Finance service you can trust.,0.007803373895071386,Finance,trust
Certified! Enterprise deals. B2B solution you can trust.,0.01078625132687588,B2B,trust
Check out! Enterprise deals. B2B solution you can trust.,0.007339955408768842,B2B,generic
Limited time! University offer. Education experts you can trust.,0.019711597001609658,Education,urgency
Trusted! Discount deals. Retail solution you can trust.,0.01813668521426623,Retail,trust
Hurry! Software for you. B2B solution you can trust.,0.006668816568715607,B2B,urgency
Cheap! Save money offer. Finance service you can trust.,0.007700736125711632,Finance,discount
Certified! Fashion deals. Retail service you can trust.,0.018909764252922057,Retail,trust
Hurry! House offer. Real Estate solution you can trust.,0.01535131670215248,Real Estate,urgency
50% off! Learn deals. Education solution you can trust.,0.012296076610923721,Education,discount
Fast! Loan offer. Finance solution you can trust.,0.00970186418328086,Finance,urgency
Cheap! Team for you. B2B solution you can trust.,0.010187630092479798,B2B,discount
Hurry! Property for you. Real Estate experts you can trust.,0.015331035922663614,Real Estate,urgency
Limited time! Insurance for you. Finance service you can trust.,0.009641595088897111,Finance,urgency
50% off! Listings offer. Real Estate solution you can trust.,0.016266711948478185,Real Estate,discount
Save big! Certified deals. Education experts you can trust.,0.016057074326092657,Education,discount
Cheap! Bank offer. Finance service you can trust.,0.005063554354826947,Finance,discount
Now! House for you. Real Estate service you can trust.,0.01635457640843813,Real Estate,urgency
Cheap! Skills deals. Education service you can trust.,0.014528467810627353,Education,discount
Hurry! Apartment for you. Real Estate service you can trust.,0.01701892150730775,Real Estate,urgency
Certified! House for you. Real Estate service you can trust.,0.014897592570906497,Real Estate,trust
Fast! Course now available. Education service you can trust.,0.013865425827148508,Education,urgency
Save big! Shop for you. Retail experts you can trust.,0.02212701061742893,Retail,discount
Authentic! Credit now available. Finance experts you can trust.,0.007434830864589269,Finance,trust
Fast! Skills for you. Education solution you can trust.,0.016376587359372488,Education,urgency
Trusted! Listings offer. Real Estate experts you can trust.,0.012837838174907084,Real Estate,trust
Verified! Workflow offer. B2B service you can trust.,0.013686591203205898,B2B,trust
Check out! Sale for you. Retail solution you can trust.,0.013586265259310814,Retail,generic
Check out! Course offer. Education service you can trust.,0.012847369891159359,Education,generic
50% off! Listings now available. Real Estate solution you can trust.,0.017239496545109576,Real Estate,discount
50% off! Course deals. Education experts you can trust.,0.014731893656932813,Education,discount
Now! Property for you. Real Estate solution you can trust.,0.018042852335933827,Real Estate,urgency
Authentic! Property offer. Real Estate solution you can trust.,0.015195263327022472,Real Estate,trust
Trusted! Home deals. Real Estate service you can trust.,0.011638436558132664,Real Estate,trust
Now! Workflow now available. B2B experts you can trust.,0.00925090210979865,B2B,urgency
Clearance! Enterprise now available. B2B experts you can trust.,0.010771398193967288,B2B,discount
Ends tonight! Saas now available. B2B service you can trust.,0.010282637153309508,B2B,urgency
Limited time! Credit offer. Finance service you can trust.,0.010799780010382691,Finance,urgency
Guaranteed! Save money now available. Finance service you can trust.,0.0046109732287267485,Finance,trust
Verified! Save money deals. Finance solution you can trust.,0.007342204610758408,Finance,trust
Save big! Home offer. Real Estate service you can trust.,0.01507336738029312,Real Estate,discount
Cheap! Solutions for you. B2B experts you can trust.,0.009538460337090753,B2B,discount
Trusted! University deals. Education experts you can trust.,0.013054499563496573,Education,trust
Hurry! Save money now available. Finance experts you can trust.,0.006655458714603178,Finance,urgency
Welcome! Certified offer. Education service you can trust.,0.010133531064718149,Education,generic
Cheap! Apartment offer. Real Estate experts you can trust.,0.0151174946543257,Real Estate,discount
Save big! Deal for you. Retail solution you can trust.,0.019845599702272423,Retail,discount
50% off! Shop offer. Retail solution you can trust.,0.018197404236774416,Retail,discount
Save big! Sale now available. Retail solution you can trust.,0.020484327151162895,Retail,discount
Clearance! Bootcamp offer. Education solution you can trust.,0.012599911065292228,Education,discount
Certified! Workflow for you. B2B experts you can trust.,0.008674347869601386,B2B,trust
50% off! Home now available. Real Estate service you can trust.,0.015670340413784137,Real Estate,discount
Welcome! Certified deals. Education experts you can trust.,0.007832856143502473,Education,generic
Save big! Skills deals. Education experts you can trust.,0.016661715597212724,Education,discount
Check out! Apartment deals. Real Estate solution you can trust.,0.010506034287167749,Real Estate,generic
Check out! University now available. Education service you can trust.,0.011291833555882579,Education,generic
50% off! Apartment deals. Real Estate solution you can trust.,0.017487727878941903,Real Estate,discount
Check out! University now available. Education solution you can trust.,0.010933645290024134,Education,generic
Explore! Bank deals. Finance experts you can trust.,0.006533494251364844,Finance,generic
Now! Certified now available. Education solution you can trust.,0.01611811022595249,Education,urgency
Hurry! Property now available. Real Estate experts you can trust.,0.020376691244924406,Real Estate,urgency
Trusted! Course for you. Education experts you can trust.,0.012837313313801321,Education,trust
Ends tonight! Shop offer. Retail service you can trust.,0.01830547707092817,Retail,urgency
Clearance! Enterprise deals. B2B service you can trust.,0.012596763953435494,B2B,discount
Ends tonight! Fashion offer. Retail solution you can trust.,0.019241443157341734,Retail,urgency
Guaranteed! University offer. Education service you can trust.,0.016694961843750404,Education,trust
50% off! Home for you. Real Estate service you can trust.,0.01453032168972008,Real Estate,discount
Welcome! Invest offer. Finance service you can trust.,0.006603303844960124,Finance,generic
Cheap! Insurance for you. Finance solution you can trust.,0.009252591917641747,Finance,discount
Explore! Credit now available. Finance solution you can trust.,0.006685373163337678,Finance,generic
Authentic! Certified for you. Education experts you can trust.,0.012538264735794504,Education,trust
50% off! Enterprise offer. B2B service you can trust.,0.007324986083251862,B2B,discount
Ends tonight! Workflow for you. B2B service you can trust.,0.00800899945798288,B2B,urgency
50% off! Workflow offer. B2B solution you can trust.,0.006575887344438294,B2B,discount
Hurry! Course for you. Education experts you can trust.,0.017294192899063834,Education,urgency
50% off! Invest deals. Finance solution you can trust.,0.006648200381085019,Finance,discount
Now! Sale for you. Retail solution you can trust.,0.02514377011443561,Retail,urgency
Ends tonight! Bank now available. Finance service you can trust.,0.008051038209850469,Finance,urgency
Explore! Home offer. Real Estate solution you can trust.,0.013144296269541125,Real Estate,generic
Fast! Property now available. Real Estate experts you can trust.,0.01433864685674295,Real Estate,urgency
Guaranteed! Saas deals. B2B experts you can trust.,0.005962137787545188,B2B,trust
Trusted! Buy now available. Retail solution you can trust.,0.01656005262911299,Retail,trust
Explore! Sale now available. Retail solution you can trust.,0.012772093157162606,Retail,generic
Limited time! Saas now available. B2B service you can trust.,0.011464029518342621,B2B,urgency
Verified! Sale offer. Retail experts you can trust.,0.020008784961231967,Retail,trust
Fast! Shop now available. Retail service you can trust.,0.016501368165868772,Retail,urgency
Guaranteed! House offer. Real Estate service you can trust.,0.01311963492239263,Real Estate,trust
Certified! Certified for you. Education service you can trust.,0.01350208930964207,Education,trust
Limited time! Fashion deals. Retail service you can trust.,0.02424583823707263,Retail,urgency
Clearance! Course deals. Education service you can trust.,0.014798873024199282,Education,discount
Authentic! Save money now available. Finance service you can trust.,0.004093771835645349,Finance,trust
Cheap! Skills for you. Education experts you can trust.,0.01493002046977901,Education,discount
Limited time! House deals. Real Estate service you can trust.,0.01647474020033447,Real Estate,urgency
Guaranteed! Deal for you. Retail experts you can trust.,0.01815540303843309,Retail,trust
Now! Insurance now available. Finance experts you can trust.,0.007752724704023326,Finance,urgency
Guaranteed! Property deals. Real Estate service you can trust.,0.010766303847650056,Real Estate,trust
50% off! Luxury for you. Real Estate solution you can trust.,0.014947111506881269,Real Estate,discount
Trusted! Software offer. B2B solution you can trust.,0.008034619409093832,B2B,trust
Hurry! Save money now available. Finance service you can trust.,0.0067945023395413135,Finance,urgency
Discover! Sale now available. Retail service you can trust.,0.015383644063751664,Retail,generic
Guaranteed! Workflow for you. B2B solution you can trust.,0.011741441338144747,B2B,trust
Now! Software for you. B2B service you can trust.,0.010050857007268018,B2B,urgency
Verified! Discount offer. Retail service you can trust.,0.018819351258807158,Retail,trust
Certified! Solutions offer. B2B solution you can trust.,0.011486028806850386,B2B,trust
Authentic! Discount deals. Retail solution you can trust.,0.020210539644471524,Retail,trust
Explore! Course now available. Education experts you can trust.,0.013550765639073297,Education,generic
Check out! Bootcamp now available. Education solution you can trust.,0.008285920737628707,Education,generic
Discover! University offer. Education solution you can trust.,0.010146879098467149,Education,generic
Fast! House deals. Real Estate experts you can trust.,0.01704128211557117,Real Estate,urgency
Now! Enterprise deals. B2B solution you can trust.,0.011933547214463717,B2B,urgency
Discover! Apartment now available. Real Estate experts you can trust.,0.008071017592312654,Real Estate,generic
Hurry! Bootcamp now available. Education solution you can trust.,0.015928437887710135,Education,urgency
Clearance! Invest deals. Finance solution you can trust.,0.00876269490584768,Finance,discount
Discover! Luxury now available. Real Estate experts you can trust.,0.014225789419187791,Real Estate,generic
Certified! Invest now available. Finance experts you can trust.,0.008941945686563738,Finance,trust
Explore! Workflow offer. B2B solution you can trust.,0.007461251325240656,B2B,generic
Cheap! Buy now available. Retail service you can trust.,0.017814620522263805,Retail,discount
Check out! Saas now available. B2B experts you can trust.,0.010215801296440083,B2B,generic
Cheap! Shop for you. Retail service you can trust.,0.020460748079400834,Retail,discount
Clearance! Shop offer. Retail solution you can trust.,0.02063522516002742,Retail,discount
Now! Invest now available. Finance experts you can trust.,0.007981519527837955,Finance,urgency
Now! Listings offer. Real Estate experts you can trust.,0.017272563473696358,Real Estate,urgency
Limited time! Shop now available. Retail solution you can trust.,0.01993418436054627,Retail,urgency
Guaranteed! Solutions for you. B2B experts you can trust.,0.01070162612039896,B2B,trust
Hurry! Loan offer. Finance solution you can trust.,0.010136227627981605,Finance,urgency
Now! Software now available. B2B experts you can trust.,0.009935827371485418,B2B,urgency
Clearance! University deals. Education service you can trust.,0.012395541718499001,Education,discount
Welcome! Software now available. B2B experts you can trust.,0.008928847241457798,B2B,generic
Discover! Save money offer. Finance service you can trust.,0.0028451956529390006,Finance,generic
Save big! Course now available. Education service you can trust.,0.012808309576365097,Education,discount
Certified! Buy deals. Retail service you can trust.,0.019337538629249792,Retail,trust
Check out! Bank deals. Finance service you can trust.,0.006356106216704736,Finance,generic
Explore! Saas deals. B2B service you can trust.,0.011919923564577531,B2B,generic
Ends tonight! Deal deals. Retail experts you can trust.,0.0206892765087122,Retail,urgency
Now! Property deals. Real Estate experts you can trust.,0.018470648843444935,Real Estate,urgency
Trusted! Solutions deals. B2B solution you can trust.,0.009621871225823055,B2B,trust
50% off! Loan deals. Finance experts you can trust.,0.005676911568220772,Finance,discount
50% off! Sale deals. Retail solution you can trust.,0.017838751475104806,Retail,discount
Hurry! Buy deals. Retail service you can trust.,0.020757532873651452,Retail,urgency
Welcome! Enterprise now available. B2B solution you can trust.,0.010541811573440288,B2B,generic
Clearance! Learn now available. Education solution you can trust.,0.015171976901836491,Education,discount
Limited time! Skills deals. Education experts you can trust.,0.016642122690028092,Education,urgency
Certified! University for you. Education solution you can trust.,0.010709423369801322,Education,trust
50% off! Workflow for you. B2B service you can trust.,0.006063652128733759,B2B,discount
Verified! Credit offer. Finance experts you can trust.,0.005392852324112633,Finance,trust
Cheap! Bootcamp for you. Education service you can trust.,0.01592817786317744,Education,discount
Welcome! Listings now available. Real Estate experts you can trust.,0.012823229115020832,Real Estate,generic
Explore! Luxury now available. Real Estate solution you can trust.,0.009832832379354088,Real Estate,generic
Clearance! Certified offer. Education solution you can trust.,0.012475201495911541,Education,discount
Clearance! Workflow offer. B2B solution you can trust.,0.009297671735037984,B2B,discount
Discover! Discount now available. Retail experts you can trust.,0.013268473417443416,Retail,generic
Limited time! Solutions now available. B2B solution you can trust.,0.007887801426884776,B2B,urgency
Hurry! Property now available. Real Estate solution you can trust.,0.014671511838451782,Real Estate,urgency
Clearance! Certified deals. Education service you can trust.,0.012374052844437771,Education,discount
Fast! Bootcamp deals. Education service you can trust.,0.015800039850925682,Education,urgency
Limited time! Shop for you. Retail service you can trust.,0.02095639016696628,Retail,urgency
Check out! Listings now available. Real Estate solution you can trust.,0.015222390315695392,Real Estate,generic
Guaranteed! Credit for you. Finance experts you can trust.,0.01002409681949096,Finance,trust
Hurry! Bank for you. Finance experts you can trust.,0.005679128693141995,Finance,urgency
Check out! Saas for you. B2B solution you can trust.,0.009301668109070935,B2B,generic
Cheap! Listings now available. Real Estate service you can trust.,0.015413987180970121,Real Estate,discount
Verified! Apartment deals. Real Estate service you can trust.,0.01352676940298891,Real Estate,trust
Cheap! Loan deals. Finance service you can trust.,0.007007200415474381,Finance,discount
Guaranteed! Listings offer. Real Estate experts you can trust.,0.01922231862017315,Real Estate,trust
Save big! Discount offer. Retail solution you can trust.,0.018614132373044174,Retail,discount
Save big! University for you. Education service you can trust.,0.015001660538554359,Education,discount
Hurry! Learn offer. Education service you can trust.,0.01708055122075755,Education,urgency
Hurry! Property for you. Real Estate service you can trust.,0.01557854116934985,Real Estate,urgency
Discover! Certified for you. Education solution you can trust.,0.010259358540143634,Education,generic
Certified! Bootcamp now available. Education experts you can trust.,0.012831219999570993,Education,trust
Now! Bank for you. Finance service you can trust.,0.011817967262197387,Finance,urgency
Cheap! Apartment offer. Real Estate service you can trust.,0.019537168997277525,Real Estate,discount
Authentic! Shop for you. Retail solution you can trust.,0.015260716031806598,Retail,trust
50% off! Enterprise now available. B2B service you can trust.,0.008965175893387156,B2B,discount
Limited time! Solutions offer. B2B service you can trust.,0.011899731561197474,B2B,urgency
Certified! Saas offer. B2B experts you can trust.,0.009990472512771981,B2B,trust
50% off! Luxury offer. Real Estate experts you can trust.,0.01342582339821084,Real Estate,discount
Check out! Enterprise offer. B2B service you can trust.,0.010350071779590138,B2B,generic
Verified! Invest offer. Finance experts you can trust.,0.005636294833454186,Finance,trust
50% off! Fashion for you. Retail experts you can trust.,0.02125500564969875,Retail,discount
Cheap! Shop deals. Retail service you can trust.,0.019941200659508718,Retail,discount
Hurry! Certified deals. Education experts you can trust.,0.016988436530851414,Education,urgency
Now! Credit deals. Finance solution you can trust.,0.007930905906277881,Finance,urgency
Hurry! Deal for you. Retail experts you can trust.,0.019830709018006456,Retail,urgency
Limited time! Sale for you. Retail experts you can trust.,0.019612055454864663,Retail,urgency
Now! Learn now available. Education solution you can trust.,0.013367857972142638,Education,urgency
Limited time! House offer. Real Estate experts you can trust.,0.015264227639341349,Real Estate,urgency
Ends tonight! Sale for you. Retail experts you can trust.,0.022202588092928813,Retail,urgency
Limited time! Deal now available. Retail solution you can trust.,0.02219298375016454,Retail,urgency
Cheap! Property for you. Real Estate experts you can trust.,0.01647439880159051,Real Estate,discount
Check out! Save money deals. Finance solution you can trust.,0.005993818543839234,Finance,generic
Explore! Team offer. B2B solution you can trust.,0.005585028806881318,B2B,generic
Discover! Learn deals. Education solution you can trust.,0.013317785468876369,Education,generic
Check out! Sale offer. Retail solution you can trust.,0.017710286365120263,Retail,generic
Fast! University for you. Education experts you can trust.,0.016185043879110735,Education,urgency
Discover! Property deals. Real Estate solution you can trust.,0.010445599071779714,Real Estate,generic
50% off! Learn offer. Education experts you can trust.,0.013962277508928521,Education,discount
Clearance! Fashion offer. Retail solution you can trust.,0.018143100221702107,Retail,discount
Guaranteed! Saas offer. B2B experts you can trust.,0.01108648288475165,B2B,trust
50% off! Invest for you. Finance solution you can trust.,0.005207773517985783,Finance,discount
Fast! Discount for you. Retail service you can trust.,0.018836003918384574,Retail,urgency
Cheap! Bank offer. Finance experts you can trust.,0.010649411692150529,Finance,discount
Limited time! House deals. Real Estate solution you can trust.,0.01663848411356675,Real Estate,urgency
Welcome! Credit now available. Finance experts you can trust.,0.00488768109209539,Finance,generic
Discover! Discount for you. Retail experts you can trust.,0.015155322614299518,Retail,generic
Verified! Deal now available. Retail experts you can trust.,0.01812046916040947,Retail,trust
Save big! Insurance offer. Finance experts you can trust.,0.012871379485321136,Finance,discount
Discover! Luxury deals. Real Estate solution you can trust.,0.009808670972245625,Real Estate,generic
Fast! Apartment now available. Real Estate solution you can trust.,0.016758571578034627,Real Estate,urgency
Check out! Home for you. Real Estate service you can trust.,0.010047203753068203,Real Estate,generic
Fast! Listings deals. Real Estate experts you can trust.,0.013923460967837848,Real Estate,urgency
Guaranteed! Learn deals. Education service you can trust.,0.013245132316262852,Education,trust
Guaranteed! Deal now available. Retail service you can trust.,0.01872216289345982,Retail,trust
Trusted! Apartment offer. Real Estate experts you can trust.,0.015688569696385553,Real Estate,trust
Explore! Property deals. Real Estate service you can trust.,0.013471006685735185,Real Estate,generic
Ends tonight! Credit now available. Finance service you can trust.,0.005458580678116389,Finance,urgency
50% off! Solutions deals. B2B solution you can trust.,0.013424597576120061,B2B,discount
Ends tonight! Saas now available. B2B experts you can trust.,0.012571679357044702,B2B,urgency
Guaranteed! Shop deals. Retail service you can trust.,0.0210892957773435,Retail,trust
Check out! Buy offer. Retail solution you can trust.,0.013075136283225156,Retail,generic
Explore! Deal now available. Retail solution you can trust.,0.0156655148209271,Retail,generic
Welcome! Team offer. B2B experts you can trust.,0.010182601015041422,B2B,generic
Explore! Discount now available. Retail experts you can trust.,0.014019138214682439,Retail,generic
Save big! Listings deals. Real Estate solution you can trust.,0.015234391624406074,Real Estate,discount
50% off! Home for you. Real Estate service you can trust.,0.016255282013921818,Real Estate,discount
Limited time! Software for you. B2B experts you can trust.,0.009057037725040608,B2B,urgency
Explore! Credit now available. Finance solution you can trust.,0.0017318574628093263,Finance,generic
Check out! Workflow now available. B2B experts you can trust.,0.010421591679852637,B2B,generic
Save big! Buy deals. Retail service you can trust.,0.016512108183962475,Retail,discount
Ends tonight! Bootcamp offer. Education experts you can trust.,0.01734246000111702,Education,urgency
Explore! Listings offer. Real Estate experts you can trust.,0.009700697041399423,Real Estate,generic
